Age,Gender,Department,Job_Level,Monthly_Income,Years_at_Company,Work_Life_Balance,Job_Satisfaction,Overtime,Distance_from_Home,Training_Hours_Last_Year,Attrition
42.26277252,1,5,3,54797.52009,11.85426786,4,2,0,0.320818796,87.88073063,1
57.9268552,1,5,3,65097.93408,12.96880674,4,2,0,3.404335783,83.95955371,1
53.34264123,0,0,1,34688.67689,1.828962139,4,2,1,27.71365143,41.02335366,1
49.80571571,0,5,3,54144.52007,8.933528827,2,2,0,19.30688933,54.61262836,1
31.8761278,0,5,2,40776.98743,3.591277561,1,1,1,26.38531445,68.228264,1
31.87613649,0,1,4,74448.57596,5.046037837,2,4,1,39.07541557,79.76809185,1
25.83543771,0,4,5,94056.05234,7.000260193,2,1,0,19.33649404,93.49453949,1
56.40598956,0,1,1,25093.1409,5.823637584,1,4,0,4.928766068,61.1835371,1
49.7516379,1,5,3,60254.18412,13.1422932,3,3,0,1.749571774,59.36709438,1
52.28702599,1,4,1,26455.6608,10.20236744,2,2,1,7.673829631,85.82092481,1
21.75484203,1,5,2,45746.62641,6.653020332,3,3,1,32.93517353,65.02933435,1
58.7536189,0,5,1,24179.83238,1.835371611,3,3,0,43.91787933,34.17809458,1
55.12800327,0,0,2,37573.30673,2.833986427,1,2,1,20.10886723,45.72324169,1
33.9878334,1,5,2,35970.02494,4.797129007,4,1,1,23.03274313,71.25753109,1
33.08748119,0,4,3,62388.77493,10.17903589,1,2,0,24.59596084,26.89751209,1
33.70253775,0,4,2,50229.21164,5.95816409,2,2,0,47.71889342,72.24933332,1
39.46419045,1,5,3,58227.0584,7.942906467,2,1,0,41.94812197,85.37673825,1
47.16624363,1,3,2,36319.24489,11.56748143,4,2,1,17.03923392,39.90238018,1
43.51963564,0,5,1,25973.56398,0.137150188,1,1,1,28.68765241,57.32896151,1
38.25286082,1,4,3,53097.96912,11.73251543,2,2,1,10.38198277,49.88581522,1
50.77535987,0,0,1,21328.22655,14.01293601,3,1,0,12.83096865,24.81269433,1
30.88055946,1,4,2,46511.7803,7.059869719,2,1,1,32.6793428,41.15460779,1
39.03572388,0,0,3,50901.31687,7.293687892,3,1,0,6.715159952,31.59962223,1
41.24627742,0,5,2,50738.9772,4.717500992,4,4,0,17.79887186,76.01569706,1
44.71200977,0,4,1,30015.51195,2.348261083,4,1,0,8.705535068,26.12033582,1
54.05868045,1,5,2,49757.78683,2.039682537,1,3,0,30.73101818,13.58749721,1
33.39109952,0,2,5,103907.3183,10.38862675,2,1,1,6.131834813,26.98745699,1
47.19875237,0,0,3,65621.29295,2.267417223,2,4,1,17.31100439,50.66324436,1
48.68224915,1,5,3,54153.74943,5.045253403,2,1,0,36.64704917,29.0720417,1
23.8456877,0,4,3,57092.43088,11.89388404,2,4,1,18.0238443,42.03972723,1
49.6816842,1,5,1,20718.31211,7.174211323,2,3,0,24.27727407,31.11762307,1
33.97989519,1,4,2,34277.3468,5.789867398,4,1,0,48.54427957,17.16427179,1
25.99285968,1,4,3,59065.56906,10.10281823,4,4,0,16.31397445,44.50786258,1
57.44044806,1,0,1,23909.79579,0.10910192,1,3,1,7.319935379,54.31995677,1
59.43514403,1,4,1,21284.09728,10.22883831,2,2,0,24.04083613,93.95087218,1
54.35414733,0,5,1,33698.35897,5.595651798,2,3,1,13.30938005,23.2400886,1
40.11049336,1,5,2,42613.04935,6.084700026,2,4,0,28.76284536,64.67007144,1
27.96329216,0,5,5,114669.2349,10.89014404,3,2,0,32.11801597,25.71287221,1
51.29736088,1,5,1,27054.55958,5.994479978,3,2,0,23.33347823,17.97109414,1
44.10414385,1,5,2,40024.1927,7.618158313,4,3,0,15.85695829,96.10705941,1
31.39066478,1,3,1,22329.35385,9.850051412,3,3,0,11.42246661,53.26541059,1
46.09065752,0,4,5,115993.7166,9.911659474,3,4,0,32.10867597,87.99273938,1
22.93881956,1,4,1,23173.68517,8.886879473,3,3,0,5.59393099,52.90547077,1
56.84070964,0,5,2,46181.06627,4.03288465,2,2,1,35.15523014,17.38840644,1
36.21782992,0,3,3,61352.60361,0.177513137,3,4,0,33.4947407,47.20863176,1
50.61918686,0,2,3,57868.99569,1.241966012,2,1,0,16.58077878,27.4619427,1
39.75631214,1,5,2,40508.04445,14.00004469,1,2,1,37.80245348,72.90825541,1
47.5592405,1,2,2,46996.70936,2.997992596,2,3,1,12.76720316,58.64838431,1
48.1817815,0,4,2,47173.59228,3.929226399,2,3,1,10.29457641,79.86474979,1
33.06731366,1,5,1,26357.04123,8.033496738,4,1,1,37.82888142,35.50980868,1
59.17144742,0,4,1,20407.57058,10.17809124,2,3,0,25.05035893,54.04332275,1
53.79628315,1,4,2,44163.4013,13.81283649,2,2,0,45.50883777,55.23493964,1
57.64189363,0,5,1,31319.11894,0.142049479,2,2,0,16.80023114,84.59660886,1
57.32358998,0,0,1,29691.70652,1.934443028,3,4,0,0.457389516,23.25255666,1
49.54542103,0,1,3,61779.29371,3.709503915,1,2,0,26.20113626,92.67826034,1
58.49266731,1,4,5,99861.43231,1.823169372,4,1,1,33.40683709,72.26748827,1
27.55603579,0,4,3,60036.85496,2.897211317,4,1,0,38.61538226,82.89531355,1
33.83641997,1,4,1,26737.31014,14.18873031,3,4,0,10.1415032,12.58152634,1
24.17524551,1,4,1,23124.53431,13.05667188,3,1,0,19.16772439,38.24693778,1
40.51608445,0,4,5,103198.299,2.041784922,1,2,1,6.726061196,37.69278262,1
41.74650647,0,5,1,30762.5385,3.183659905,2,3,0,16.21978015,96.97202847,1
37.90178239,0,4,1,30020.22539,12.97034934,3,2,1,36.76955313,27.36198987,1
54.41472489,0,1,2,36687.10389,14.08427889,1,1,0,28.93534614,42.76741964,1
40.36718085,1,4,3,66170.65464,11.97772036,2,3,1,11.63353127,86.41287023,1
39.42984372,1,5,3,50719.26069,12.05727646,3,2,0,15.95149757,83.71455249,1
48.71748028,0,1,1,18764.35778,13.87421594,2,4,1,48.22264633,55.17965402,1
31.96190509,1,5,1,24759.05546,13.47359972,4,1,1,21.21498029,14.24540932,1
55.53089059,1,5,5,93777.80382,0.028983144,1,2,0,26.01273987,84.38529111,1
27.19131327,1,5,1,27580.97056,11.30708945,3,2,1,48.1559555,66.45850453,1
58.65871771,1,5,3,56405.31539,7.199916606,3,2,0,19.4795878,85.3661873,1
54.19118609,1,1,3,66469.81368,3.208373763,3,3,0,46.12121347,68.74144048,1
34.81365458,1,4,3,58788.41248,6.26680949,2,2,0,13.17868983,55.08652369,1
19.98104725,1,5,2,42562.62974,1.019136072,3,2,1,21.14007685,20.00696663,1
55.82773031,1,3,1,33194.3022,1.042589107,4,3,0,43.12977185,86.81217318,1
50.61409823,0,3,2,36458.23981,4.866684498,2,3,0,33.4925045,97.42196313,1
53.43480419,1,3,4,86708.21453,12.93177806,2,2,0,8.258685841,42.14665383,1
54.04604978,1,5,5,91280.8539,1.132909557,3,1,1,45.53665787,70.52932441,1
26.84181865,0,4,1,21654.21762,14.25984937,3,1,0,35.3828823,85.39791358,1
41.04854343,1,0,1,26831.11068,13.96990157,2,1,0,15.16202048,24.49662067,1
28.94853309,0,1,5,91922.24156,4.902830044,4,1,1,0.827937955,52.60385334,1
55.88378882,0,5,3,69357.06634,10.00011396,2,3,1,26.83115552,67.821358,1
50.18892027,1,5,4,83295.32828,14.12976594,2,4,0,35.09717435,14.09498633,1
41.78183789,1,4,1,31749.99449,0.688354832,3,2,0,23.63815266,100.1759155,1
25.72582385,0,0,2,46028.1192,2.504386665,3,2,0,41.22654627,21.52211167,1
39.57228941,0,4,3,53119.49902,5.881170775,4,1,0,14.87133474,14.69954892,1
39.73455968,1,4,3,62508.13036,6.736518433,4,2,1,22.21461938,64.70923542,1
53.4842675,0,5,2,43647.69894,13.89032177,2,1,1,5.960822495,74.11420283,1
50.17391644,1,4,1,32525.03378,1.968102733,1,4,0,15.84392135,77.10343951,1
56.7197454,0,1,2,36055.28208,12.90216975,1,3,0,22.64920757,44.47710372,1
45.27152956,1,5,1,26895.69081,14.31350416,3,4,0,21.09940921,64.4978974,1
30.05135612,0,1,2,35232.73312,12.07052539,4,4,0,5.741371412,39.5759568,1
52.51243413,0,0,5,94608.63392,8.064855124,2,2,1,29.52596619,19.8412724,1
53.62859874,0,5,2,48137.82745,1.134298718,1,3,0,31.93460407,71.85290521,1
47.82665964,1,4,4,86194.31111,6.754191464,1,1,0,32.29050558,81.28718639,1
53.79256631,1,5,1,30215.93423,7.224284439,4,2,1,4.401914073,88.60049825,1
45.22576897,1,1,3,60671.62346,11.98364685,2,4,0,4.885802829,40.6623689,1
47.15665403,1,4,5,96648.83977,13.14471818,2,1,1,22.72120981,96.77188148,1
44.13810388,1,4,1,21606.61344,2.768647703,3,4,1,18.40400106,29.23537229,1
22.00270513,0,1,1,32675.8108,0.335367107,4,2,0,34.91033225,63.82868071,1
29.87589834,1,5,2,44431.29661,12.17653531,3,4,0,17.40144846,85.09368875,1
22.25123829,1,0,1,34698.36452,0.081245156,3,4,0,23.51060211,64.05539685,1
49.77746953,0,4,3,53968.07357,0.805298978,1,3,1,2.592320746,9.99046334,1
39.81869661,0,5,5,99181.28973,12.81228979,3,3,1,14.14197334,23.75127471,1
45.57557799,0,4,2,42191.86959,14.24291661,3,2,1,15.74120817,14.14869022,1
56.91467637,0,1,1,21361.64188,10.74327442,4,4,1,4.494879527,92.91880593,1
37.21375163,1,5,2,33926.57329,13.35455856,2,4,1,3.250217473,59.31513915,1
43.9978331,1,3,3,53283.84257,7.805607809,1,3,0,36.10472854,56.61859981,1
53.09235544,0,0,1,21558.10788,12.13779208,1,3,0,37.3962789,88.75841747,1
36.13624972,0,5,2,36468.75677,0.929070181,2,3,0,37.31196305,38.74030091,1
26.9606165,1,0,3,55341.80184,1.130193456,4,4,0,1.705483393,38.30051613,1
37.98492856,0,5,3,63976.59824,4.882557098,1,3,0,34.19567048,18.48549617,1
32.98597359,1,5,1,22342.00496,5.964862379,2,4,1,22.80397647,19.99236301,1
58.03186308,1,5,3,64967.42965,12.0088321,2,3,1,27.79170792,52.02051872,1
56.30310831,1,3,1,28449.13202,5.783685399,1,1,0,29.16265146,33.01620003,1
49.89823689,1,4,1,24050.32902,14.15990135,2,2,0,18.26929887,61.11235905,1
56.15952506,1,5,4,86596.81074,11.88922672,2,2,0,36.17410093,10.51693404,1
54.98163672,1,4,3,57802.25834,7.950658433,2,1,0,32.86550304,63.68541136,1
33.38174406,0,4,1,28564.7748,4.78537719,3,1,0,25.47674826,62.5501492,1
57.60457797,1,5,1,20542.09746,12.44693961,3,3,0,48.72604392,22.41049037,1
47.39778882,1,3,1,34375.52683,6.958768099,1,1,0,41.1460762,13.65219198,1
55.41847299,0,1,1,27203.4037,10.52074484,4,2,1,16.66521933,89.2123625,1
56.51891438,0,4,1,30482.7404,5.169350916,3,3,0,39.57618285,97.8220161,1
40.7421085,0,0,1,21793.47786,0.995842792,3,4,0,7.340074299,71.24149943,1
29.25839049,0,4,2,34990.9173,0.056743002,1,3,1,7.752128074,21.26909762,1
36.31046008,0,0,3,60735.80965,4.004849093,1,4,0,30.90349213,22.39881367,1
45.15879836,1,4,3,67336.84596,13.11809153,1,3,0,12.51207879,26.5799764,1
54.47598488,1,4,3,68021.84901,7.745130463,1,2,0,46.67810912,51.85835741,1
55.70041626,1,5,1,20340.69631,7.24051793,2,3,0,31.91269084,100.331526,1
20.05271773,1,3,5,97622.82884,13.15440966,4,3,1,44.05031839,67.04702479,1
46.7336505,1,4,4,80801.69226,12.15501497,2,2,0,18.71511389,48.14679433,1
42.17966554,0,5,4,85910.66689,3.09464168,2,1,0,9.938221155,33.68494155,1
36.0362713,1,5,4,82378.2327,4.004234108,3,3,0,38.97398898,25.00296565,1
29.43801838,1,4,5,107647.7748,12.14523202,1,1,1,10.80144975,48.38741843,1
41.25054063,1,4,2,41707.76297,4.127738616,3,3,1,21.03497992,53.64864016,1
57.51360471,0,2,1,25245.42439,4.923582984,3,1,0,37.02861068,95.85636361,1
40.81994879,1,3,3,69440.01958,1.876192385,3,3,1,48.3067005,22.49675532,1
46.58564208,0,5,3,63937.71447,4.021984913,4,3,1,41.65877966,14.92751533,1
51.8296225,1,2,3,58582.80415,1.334344313,2,1,0,6.293025881,98.43806406,1
42.43036819,1,5,2,46472.1051,8.732548087,3,2,0,14.32779542,33.15531709,1
58.34884618,1,3,1,24663.58217,0.316754256,4,3,0,10.81470595,69.00548279,1
59.12033122,0,1,2,40444.33265,10.03556238,3,4,1,7.58623877,21.80220684,1
37.69150676,1,4,5,112943.6974,0.010983727,2,4,0,27.52727182,24.12365889,1
45.14960663,0,2,2,42023.11379,9.03741449,4,2,0,9.93139475,15.49425748,1
40.0976753,1,5,2,39308.0513,6.052655457,1,3,1,28.58265348,72.40396767,1
39.13748361,1,4,1,24462.06183,0.951823477,4,2,1,9.299265525,45.03117202,1
23.41360119,0,1,2,47626.98758,3.321575782,1,2,0,36.32542234,55.59002029,1
49.34562634,0,4,4,82409.87114,3.654456955,3,1,0,47.51009441,61.50341665,1
45.30144992,0,5,3,64239.88071,5.821175168,4,3,0,9.506945749,48.87708785,1
25.27611837,0,4,3,67978.36646,0.977713239,2,2,1,18.92338383,16.33273335,1
38.15711131,0,1,2,45638.73217,12.64533009,2,1,1,30.37923408,70.31566638,1
57.13251613,0,5,3,62001.70114,4.962043154,2,3,0,17.58292457,16.92170406,1
36.18327859,0,5,1,18784.47015,0.3586158,4,3,1,8.744389413,44.46184047,1
31.64025223,0,2,3,54418.23996,6.004508191,4,2,0,42.98742558,88.1116178,1
46.12286722,0,1,2,40839.43169,8.04979505,3,1,0,32.74050212,68.03183028,1
59.15504167,0,5,2,45719.27128,3.728002943,3,2,1,33.28099237,67.28346376,1
36.62209266,0,5,3,66089.75474,3.86696304,4,2,0,43.87063045,54.71855245,1
51.98703504,1,5,5,116397.2894,2.919016692,2,3,0,23.14330124,31.68250232,1
54.25066785,0,5,1,24917.24572,1.931423593,2,2,0,9.075745987,95.38117529,1
35.36977471,0,4,4,84354.56573,8.276633143,3,3,1,7.919848426,48.15768765,0
53.34733105,1,2,1,19883.09883,4.120373408,2,4,1,16.21682477,54.10909973,0
41.48437233,0,4,2,43109.74988,6.760100186,1,2,0,18.58010384,64.01662862,1
50.41638476,1,4,1,26769.17738,8.053206197,1,4,0,39.3156329,60.62195678,0
50.6129221,1,5,2,35975.40329,4.107537405,1,2,1,5.682161281,94.65177859,1
46.56584132,0,1,2,44079.60483,9.246092568,4,2,1,10.51911228,11.61969139,0
29.50964679,1,4,1,35426.29838,8.341147782,2,2,1,11.20080833,21.439034,1
55.21837003,0,0,2,45798.54528,0.780899577,3,1,0,40.78716886,38.02895574,0
40.43488759,0,4,5,118014.1376,7.824982524,2,1,0,12.7300469,92.61453804,0
35.00344448,1,5,1,24668.28667,9.728561307,2,2,0,12.10942405,88.68063528,1
23.87018438,1,4,3,55971.88051,2.949488579,2,3,1,20.93310522,72.27855147,0
48.60125728,1,5,2,46593.13416,5.100659937,3,4,0,9.712016584,95.07713291,0
50.52942764,0,4,3,57059.9744,5.213108706,3,3,1,19.34523838,31.00020245,0
20.56841873,0,5,1,25915.71323,4.983606545,4,1,0,36.42110275,15.79178828,0
46.95921153,0,5,1,24257.99924,0.930963325,3,3,0,27.08811945,46.3724087,0
36.18047677,1,3,1,29823.71214,6.032755818,3,3,1,24.53726187,44.74754149,0
51.14637541,0,5,1,32812.07567,11.81974071,3,4,0,4.306142241,76.77267262,0
33.43759781,1,1,1,26846.91609,5.451011168,4,4,1,36.47907188,51.63709472,0
52.00687828,0,5,3,62477.64155,9.652998497,3,4,1,10.98451107,94.98796007,0
42.76895094,1,4,4,80758.14467,13.03987486,1,2,0,34.65286783,14.39791205,0
57.85999082,0,4,4,79882.11527,0.436780135,3,3,0,40.67523112,75.35055788,0
32.43902827,1,4,3,62321.95663,1.001467695,3,2,0,2.356981116,58.55555686,0
41.33099155,0,5,1,24754.25315,5.958981508,3,4,0,41.677384,96.36079839,0
29.54654513,1,5,1,24472.55815,0.077151898,2,1,0,45.36149122,23.33995235,1
57.43347473,0,5,2,45430.23489,13.96106382,4,1,1,38.23590414,80.90293975,0
56.25523833,0,5,1,29265.88993,0.296318985,4,1,1,41.77098706,61.24183663,1
36.88178336,1,4,2,46244.85135,0.477413705,2,3,0,8.459850303,33.37942817,0
51.37772169,0,0,2,48581.6023,7.330980095,4,2,1,22.92118743,98.46595626,0
55.25035293,0,3,2,41499.55441,2.692649592,1,2,0,46.17143585,97.04489642,0
47.96147193,1,1,2,49355.21941,2.942445107,1,4,1,5.618727346,17.07185706,0
46.55202782,1,1,4,79056.39787,11.90735083,1,4,0,12.61821238,46.45996595,0
36.19861308,0,4,3,65865.79168,1.127034783,1,2,0,2.266687902,30.9181793,0
28.76378394,1,5,2,43799.43059,9.655056916,4,2,1,43.7163646,96.51303858,0
57.45305347,1,0,5,96418.10337,10.09975648,1,4,1,22.49315692,58.3416173,0
57.11326022,1,4,5,109869.0593,10.43693196,2,4,0,39.57963974,78.6644583,0
49.34097727,0,4,2,45004.74695,0.294230824,1,3,1,18.57239254,20.85488541,1
41.09161645,1,5,2,38118.47553,11.04094664,2,3,1,14.93725654,70.90603672,0
41.20384122,0,4,2,46436.84611,8.857116141,1,2,0,29.69842606,62.35723757,1
52.53242032,0,4,5,117727.0657,8.09192454,3,4,1,3.493426835,40.42233189,0
57.0813239,0,3,4,76254.36911,6.004132903,1,3,0,21.69625205,26.97059077,0
57.03079367,0,4,1,32278.90426,2.861539891,4,3,0,41.74223501,38.10147574,0
53.39534401,1,5,2,38676.6004,11.10530355,4,1,1,18.30276192,95.74036868,0
51.18927725,0,0,2,38941.62234,5.389454926,1,4,0,26.12820126,86.31583102,0
28.29666713,1,5,2,47473.64492,12.95879486,4,3,0,13.29454521,14.58686055,0
33.57295751,1,4,1,30784.05495,1.155354321,1,1,1,18.15389635,15.72253334,1
57.55748406,1,5,4,84310.16608,5.72085679,2,3,0,3.885388045,35.74300812,0
49.27118313,1,2,3,57207.55015,0.793560424,1,3,1,22.34068959,54.14327703,1
19.50387029,0,0,4,88797.47274,9.101965331,2,3,1,2.531300785,81.18816364,0
30.27246479,0,5,4,83166.41971,7.320335247,3,3,1,24.4650702,98.64041078,0
51.27180387,1,3,3,55111.06314,7.076756458,3,3,1,27.57476077,85.29980329,0
20.27247136,1,5,2,38965.51904,0.067571214,2,4,1,44.62336653,81.88933972,1
35.03817822,0,0,3,58770.36624,11.99984706,3,1,0,27.31239361,18.54039717,0
48.30201342,1,1,1,23134.99221,6.730108925,1,1,0,39.81935973,39.66772855,1
52.60073876,1,1,3,49764.49423,1.130480072,3,1,0,24.18441537,20.30257691,0
51.50468755,1,5,1,27064.41257,5.190444934,2,3,0,25.15425738,88.03417339,0
36.34460005,0,0,3,61438.72468,11.90241971,1,3,0,9.054572928,57.58990838,0
51.83321576,0,2,1,23506.51835,0.101455051,1,4,0,9.50928793,53.05896652,0
36.40151112,1,5,1,21891.73528,4.05738781,1,3,0,47.23358013,59.72372147,0
39.59115876,1,1,1,26177.15652,9.90573734,3,3,1,35.85308187,28.40660568,0
52.87471784,0,5,1,20955.03523,5.985725774,4,4,0,29.63691256,43.37552995,0
50.74323219,0,3,3,51234.88755,12.45320911,1,2,1,18.4909326,10.42056661,0
56.04331319,1,5,3,57556.48582,8.946681366,3,4,1,16.49949663,35.66181432,0
52.2245044,0,2,2,45882.56719,0.077345018,3,2,0,23.27296355,56.89952154,0
47.01217636,1,4,1,21241.60631,13.86023299,4,3,1,44.52443121,74.09500532,0
29.36304647,1,5,1,22040.44078,1.160628222,2,3,1,21.94885351,12.99279269,1
41.14683845,0,5,1,27958.33411,5.96088413,2,3,0,36.48130486,97.52760038,0
37.75033784,1,5,1,33440.1733,4.859837729,4,1,0,40.19644732,35.21978092,0
37.5760784,0,4,4,82211.77586,2.285193506,3,2,0,38.3160727,25.67390255,0
59.03400552,1,5,1,25282.39697,13.3064106,2,3,0,46.41370571,74.42238108,0
42.42984972,1,4,2,37057.83546,8.870403103,1,4,1,6.865139742,85.54402677,0
56.62158888,0,5,1,25228.76601,0.597121434,2,2,1,5.539561136,62.35850782,1
50.3595219,1,5,1,35781.16283,9.217464228,3,4,0,13.97298589,94.01109048,0
53.61362027,0,2,2,35255.53471,2.852227818,3,2,1,44.71067167,23.96380715,0
46.11451127,1,5,3,60502.49814,2.17065057,1,3,0,40.59748689,50.75710771,1
49.02410849,1,0,1,26286.40274,5.574767955,3,3,1,3.258624384,21.20819999,0
45.65528934,1,3,1,31035.12336,7.192660401,3,3,0,9.323319141,61.65391643,0
35.13419275,0,4,2,44550.48966,0.738577677,3,4,0,23.11351133,64.97397871,0
53.33535686,1,4,1,35953.7388,9.157729922,3,3,0,11.13118121,44.47117214,0
37.92865581,0,3,1,22369.76459,6.003080734,4,3,0,17.6974765,89.86017518,0
22.09863836,1,5,5,99051.29231,6.794099374,2,1,0,20.13118834,84.54982317,0
50.64990066,0,5,3,58467.47076,4.912144283,4,2,1,26.12787929,71.88375076,0
33.45095566,1,5,2,40845.67315,5.148136661,1,2,1,43.64934037,87.89859661,1
57.5807394,0,1,2,36522.92299,9.022856519,1,3,1,48.00865357,40.61251299,0
57.93930194,0,5,2,49003.87834,0.126141133,2,2,0,45.98586102,80.15630728,0
57.26714918,0,4,2,39223.05325,3.426599788,1,2,1,43.84479058,25.23537545,1
42.45800321,0,0,3,53366.22487,12.66237025,2,1,0,27.73298197,29.90564769,1
20.36501726,0,3,3,68370.66717,0.349063133,1,1,1,15.88036541,82.03267859,1
57.82304162,0,4,1,32915.27412,3.022524442,4,2,0,26.53441797,65.99979413,0
43.74874367,1,5,2,44503.54058,0.806004244,1,4,0,33.30552703,78.21296058,0
58.65437472,1,1,2,42893.5645,9.712861841,3,3,1,30.4924192,98.84676724,0
59.93396344,0,4,4,84450.93588,11.95917979,1,3,1,48.15853944,42.63901417,1
56.21424408,0,5,3,55857.6903,4.198931223,4,3,1,45.71373234,86.92544489,1
38.33296514,0,5,2,49649.27344,8.972469485,3,2,0,6.417642039,27.39387128,0
42.48556881,1,0,1,25093.89657,13.32617139,1,4,0,44.20642192,66.27307065,0
57.12266649,1,4,3,60423.05539,7.686774676,3,1,1,8.442159038,92.27160044,0
40.54619643,1,1,1,21822.89632,9.997390692,3,2,0,7.732559512,8.58502412,0
32.19622045,0,3,2,40538.27041,13.72968032,3,3,1,34.25451162,22.30311624,0
47.74382971,1,4,1,32914.7019,11.0784872,3,1,0,44.10252569,37.34215251,0
58.67022338,1,4,3,54613.51412,9.191427952,3,3,0,13.39001624,77.91628756,0
51.62562756,1,4,1,27264.69608,1.909181741,3,2,0,15.50691328,69.84644627,0
49.23479007,1,5,2,45935.73876,6.437900087,2,3,1,43.82160351,14.8811297,0
29.40979815,1,4,4,87897.02922,2.042941456,1,2,0,9.994407845,30.84926394,0
49.50963375,1,1,1,22666.48313,5.094266721,4,1,0,9.8351507,20.29314105,0
58.9685098,0,4,2,37332.63459,3.087263973,2,3,1,17.03184875,59.62825433,0
30.28529953,1,3,2,39622.63029,7.266734262,2,2,1,11.37371478,28.98449108,1
46.4580768,1,4,1,29174.89244,9.768821144,1,2,0,6.81192638,59.62181943,1
55.86638599,1,4,3,65676.41524,5.146819514,2,1,0,19.46068328,95.92245273,0
52.33989573,1,4,1,26596.97923,7.257393749,4,3,0,44.34394922,77.63975786,0
52.86358086,1,4,2,40832.43881,0.383894711,2,3,0,40.39191685,93.37706379,0
51.24342431,1,2,2,46891.32661,5.068994435,2,2,0,28.73829649,89.41337099,0
40.76720696,0,5,3,56596.54363,0.108823413,3,4,1,6.160235304,49.54663222,1
39.06916459,1,4,3,55609.53772,0.017596054,4,4,1,25.44757949,67.20471087,1
55.76246472,0,5,1,23406.07761,7.075043346,2,3,0,23.85068836,76.82872318,0
54.24039789,0,5,1,25973.41131,13.89483539,2,3,0,24.39562908,46.32113405,0
56.61533876,0,4,3,51662.70037,5.854153509,4,2,0,16.61021859,69.23900226,0
57.00541351,1,4,2,38358.36462,2.007371542,3,3,0,16.4992585,14.60043457,0
46.48076071,1,0,4,85944.51107,4.765326167,1,1,0,5.365642489,77.37932361,0
46.24446272,1,4,4,84695.72312,13.76563284,1,1,0,37.93840404,58.86871888,0
54.10530688,1,2,4,78420.77512,8.146637597,2,4,0,21.81015532,60.224299,0
50.6824723,0,4,2,43010.37176,5.752041475,2,3,0,4.092976536,33.74709874,0
52.03692681,1,4,2,42605.0675,11.14381853,2,2,1,34.05510742,34.91169771,0
53.79616078,1,5,3,64170.25201,2.09984684,4,2,0,28.38358686,28.47178251,0
57.06005313,0,5,2,36806.75829,12.62749764,1,3,1,37.40342326,20.71322489,0
41.35028144,0,5,1,32377.17132,12.85375278,3,1,0,41.02079148,68.04028102,0
42.83903717,1,4,4,74007.03561,12.25773951,2,1,0,26.50985566,30.50280174,0
28.34516885,1,5,4,85156.019,4.788222823,3,1,0,17.60679028,60.26134434,0
50.12842075,1,5,2,48125.04408,9.899761844,3,2,0,12.91894254,87.9901319,0
21.96730337,1,5,1,18619.50689,3.099732358,1,3,1,8.040851925,90.26343655,0
44.9197024,1,0,2,36847.05167,13.16908893,3,1,1,21.77145031,30.40681103,0
48.31123252,1,5,4,78573.13463,11.94570723,1,3,0,0.853458108,22.24069147,0
39.14865077,1,4,5,95924.22806,1.871031933,4,2,0,28.56540546,22.95615129,0
48.6705785,1,5,1,24506.07896,8.307007803,4,3,1,30.8005841,19.78499309,0
22.88989883,1,4,1,27301.59563,9.375328373,2,4,0,30.98208169,74.65926345,0
22.73919185,1,5,4,81882.44232,1.211279125,2,3,0,13.27763318,38.44222859,0
54.68821331,1,5,2,49212.60084,0.018415277,2,4,0,18.88407234,15.07635035,0
42.44945787,0,4,2,42352.94398,13.82554194,3,4,1,35.23402139,29.72978134,0
31.18886891,0,5,5,109995.7328,12.82075484,2,2,0,29.16435131,32.56401802,0
46.63343585,1,5,1,33276.4743,1.112780727,2,3,0,33.25553664,25.02046917,0
54.47590777,1,5,3,69003.16102,6.090308099,2,4,0,43.16060523,73.63238221,0
35.16256809,1,5,1,29937.21635,9.302524482,1,2,0,10.34540397,57.16366955,1
50.43002163,0,5,2,37483.89502,0.140394745,3,2,0,26.20150907,51.72368025,0
28.33308726,0,5,4,80556.082,4.675571457,1,4,0,24.78738886,16.97272288,0
24.56144372,1,1,2,46302.73819,13.22705496,3,3,1,35.2343879,75.45092712,0
46.70365212,0,4,5,112755.0911,5.784576144,1,2,1,38.35065268,61.22987254,1
48.39533447,1,4,2,45236.76084,7.917122698,2,2,1,8.149974424,33.73733315,0
50.32289906,1,5,2,38117.90553,14.05400383,3,3,1,17.28984796,94.91179057,0
52.98894261,0,0,1,22688.89271,13.43074977,4,3,0,13.76212383,33.30537372,0
59.06206872,0,5,2,45367.95641,7.671252457,3,3,0,45.73481139,40.92882155,0
47.67591234,0,5,2,43011.34691,5.130956595,2,3,0,24.36832006,16.18335508,0
39.68704595,0,4,1,20845.88586,1.960458392,1,3,1,23.25038622,19.94876832,0
54.28942634,1,5,2,40146.47841,7.115369011,4,3,0,13.21931081,56.74474791,0
37.89303572,0,5,2,42348.55735,6.191593726,2,3,1,48.99978284,63.39780518,0
43.88484194,1,4,3,62151.4974,1.930786312,1,3,1,29.18176152,63.05749833,0
27.5812767,0,3,3,51294.6852,8.387482827,4,3,1,31.31118107,84.7371959,0
22.43666309,1,4,3,52617.37074,11.04965904,4,2,0,29.44421807,49.6412426,0
59.43036418,0,2,1,24911.8535,1.10743409,4,2,1,21.2974588,24.49701247,1
55.6906265,1,0,1,33343.61767,2.143734726,4,4,0,43.74975106,89.46945011,0
52.01111149,0,5,3,67584.14742,1.090996289,4,1,1,28.28831511,28.30388979,1
43.36076786,1,5,2,47563.85036,12.18107898,1,2,0,12.96268044,30.53852785,0
32.83586218,0,5,1,26205.99525,0.133229443,1,2,0,24.31992877,72.46200735,1
32.17149101,1,4,4,74132.13276,2.879494779,3,4,0,44.77668785,55.20025629,0
36.93115151,1,4,3,62026.12129,3.762540009,3,1,0,47.60621724,95.56375704,1
48.05131296,1,0,2,41651.04435,12.09486302,2,2,0,7.135786294,47.97423959,0
52.31485093,1,2,1,32882.58411,5.168127567,2,1,0,44.37409285,23.8609623,1
50.56714358,0,4,3,68100.07681,4.098806819,2,3,0,4.92761921,63.58174336,0
39.10691809,1,5,2,46497.94323,0.361426558,3,2,1,24.17860267,95.60439734,1
57.46779507,0,1,3,63431.58076,1.998792142,1,2,1,19.76423953,72.01161465,0
52.35766799,1,0,3,63474.32155,0.144342841,2,2,1,19.3289695,73.34326657,1
48.61266568,1,1,4,87896.14763,9.764364603,3,4,0,35.99833577,88.22806143,0
50.41880667,0,5,2,47538.38756,3.91644745,3,2,0,8.592033761,26.16728032,1
43.33017287,0,4,1,21871.63642,4.150126577,1,1,0,47.24387014,81.20282656,1
37.33240835,1,5,3,60394.187,11.18327228,3,3,0,36.57791743,74.47918912,0
40.99352119,1,5,3,71198.66346,9.936549452,3,4,0,38.63262499,22.88318892,0
52.52533305,0,5,3,52426.41448,11.98454584,2,3,0,38.92985592,54.50457209,0
21.04010225,1,4,1,21646.85801,4.672378404,1,4,0,30.10068188,18.97829314,0
29.64176682,0,4,1,26653.88177,6.922937941,2,4,1,24.39744263,72.25849544,0
24.51585941,0,5,4,83861.19438,9.192182488,2,1,0,48.96897138,43.61315713,0
23.92220347,0,5,3,67216.16307,11.12415366,4,3,1,4.07081427,89.16320278,0
55.56329414,1,4,5,94948.39111,0.108064919,1,2,0,41.05440871,35.84688643,0
51.82997994,0,5,3,65857.35304,3.010743275,3,3,1,44.89686514,46.65232055,0
45.21844966,1,5,2,48069.89406,9.001524529,1,2,0,26.34808916,49.32539541,0
28.70177753,1,4,3,62822.70155,9.857474664,2,2,0,15.24366167,94.588647,0
45.56502764,1,1,4,71661.70593,0.150836842,3,4,1,39.48883458,74.21996971,1
45.1289158,1,5,2,49390.71246,8.090863834,2,2,1,28.8319862,33.24873984,0
33.12959261,0,5,3,68882.53577,10.10619856,2,4,0,5.289421128,82.52546196,0
43.73181611,0,5,1,21826.1475,5.886459348,1,1,0,7.851557522,44.32875713,1
42.75081056,0,0,2,36419.30687,5.535217177,2,1,0,36.33211237,56.15241012,1
50.12275943,1,4,3,59770.22154,11.23681214,3,4,0,19.12742602,21.03540389,0
49.23393209,1,4,1,28474.30704,3.896646548,2,3,1,22.803114,31.9385976,0
23.25542125,1,5,1,31274.73955,5.813776361,4,3,0,45.10119634,85.94916606,1
41.61992748,0,4,2,41167.06222,11.14968219,3,2,0,38.47003966,20.78104516,0
49.88708184,1,5,1,21619.05823,13.91538703,2,3,0,0.90515489,95.27313589,0
46.16447682,0,4,1,32762.87821,1.228779271,1,3,1,3.640410015,51.36062985,1
56.78049532,1,0,2,47790.76467,13.13317608,2,3,0,43.76398168,74.06156153,0
51.45372047,1,4,5,98765.92924,12.14754328,3,2,0,47.29653344,55.67715049,0
32.91538906,0,3,2,47751.25055,2.705168766,2,4,0,35.05341721,64.83157756,0
26.98994002,1,2,1,20949.35502,13.26158897,4,3,0,22.58889078,14.52394491,0
50.4696403,0,5,1,22382.06415,13.05638896,2,4,0,26.88532959,86.92792168,0
21.99020615,0,0,3,49933.24285,5.920294316,4,3,0,26.05440067,14.29428445,0
48.84729334,1,5,2,40292.52671,2.030949319,1,3,1,6.526228711,68.57993947,0
58.17072509,1,4,4,86493.5177,0.616613026,4,1,0,43.31720026,30.76663346,0
48.56237695,1,5,3,59015.47719,9.088204626,2,2,0,15.32171659,33.88170869,0
42.27474553,0,5,3,53618.34051,0.777817926,2,4,1,40.20152161,27.3984597,1
51.81085201,1,4,1,31061.03456,11.70803632,2,2,1,1.831812925,28.93112904,1
44.94246353,0,5,3,66134.74333,0.328589744,2,1,0,30.7580472,63.35853278,0
48.21251418,0,4,1,31361.03353,4.240165391,4,2,1,4.0615927,20.54959443,0
58.36510109,0,4,5,100748.3691,10.86417824,2,2,0,19.50912858,32.22664322,0
41.7877457,1,5,3,55405.78578,5.331043555,1,4,0,15.35228596,96.71937075,1
59.11854977,0,5,2,41414.72151,4.884351297,3,4,1,31.63592148,97.31867173,0
57.00666165,0,4,1,33204.54256,7.631479667,2,2,1,26.12306046,69.04200631,1
34.05167277,1,5,1,28016.73213,2.759006624,3,1,0,47.27726242,65.12831719,0
25.59106112,1,2,3,62866.6115,0.266740614,3,3,0,6.090739425,32.28940598,1
30.01296641,0,4,1,30551.21511,4.966350555,2,3,1,35.94638412,28.74171416,0
21.26345186,1,1,2,48697.21279,13.88165632,4,4,0,39.1724708,76.29221495,0
29.76768633,0,4,1,32076.94092,4.034538727,2,3,0,6.004510319,41.58438116,0
52.507475,1,4,3,62345.40787,9.108306018,1,2,0,14.25116356,79.17542697,0
28.13908005,1,4,4,79175.04735,5.241182104,3,3,0,30.83505691,38.28901301,0
39.59405656,0,5,3,58726.87844,2.31264763,3,4,0,15.29104159,48.83735993,0
56.46147647,1,5,3,69137.54099,0.922346652,2,3,0,0.806280902,47.92583052,0
22.09699188,1,1,1,28974.4252,4.713782612,3,3,1,12.33222843,34.64695188,0
56.15845307,1,4,1,20007.88197,11.91075666,2,2,0,11.35029152,79.38274492,1
38.57239274,1,1,3,56858.52196,0.056179584,2,3,0,7.495800502,87.99349375,0
29.555769,1,1,2,36746.24912,5.791979907,4,3,1,26.49891782,11.20367084,0
51.68290834,1,3,2,43674.33857,5.793406197,1,2,0,40.82424402,33.22837908,0
48.87641326,0,0,1,36407.30519,9.07420402,2,2,0,32.14716986,25.13562377,1
55.72186423,1,4,1,26269.76085,11.98949876,4,2,0,24.71100607,74.25654164,1
52.59840242,0,5,1,31925.45825,6.007078984,4,2,0,28.76564015,78.21258811,0
55.07956156,1,4,4,89129.77474,13.8362845,2,1,1,13.60956626,77.47586179,0
39.1807963,0,5,1,25204.54897,10.95026974,3,2,0,44.43491414,68.11043786,0
33.99253492,1,4,2,45892.15388,9.800511249,3,3,0,3.054100229,57.1429566,0
53.50279475,0,2,1,24482.00633,9.192142611,4,1,1,36.59653039,21.18903475,0
54.6948055,1,4,3,49353.742,0.223450758,4,2,0,27.09627469,56.75867121,0
58.52471922,1,5,2,46762.60934,13.60151428,1,4,0,18.90820928,76.66739746,0
43.26023587,1,5,4,82181.00744,2.799372094,2,3,1,46.44418628,75.06279562,0
41.3015681,1,4,4,90610.89579,11.67698545,2,3,0,14.9487869,36.42041315,0
54.96888126,1,5,2,37713.40787,5.859697238,3,2,1,26.94761497,56.30947568,0
41.62394931,1,3,5,92718.74983,9.981990544,3,3,1,46.36563605,98.08838102,0
57.75179594,0,5,5,111389.0865,7.687105017,3,1,1,40.04044886,69.24037167,1
55.09371481,1,5,4,82772.13626,3.801023515,4,4,1,28.35003099,51.8325404,0
44.71622774,1,5,4,83142.80675,11.78330338,1,1,0,26.03094706,26.75019386,0
52.93940595,0,4,1,22409.05219,1.044737089,2,3,1,43.5725766,69.39997988,1
53.65483158,0,4,2,48892.38397,6.014967452,2,2,0,43.72002642,18.22205226,0
29.15651331,1,5,1,29581.0356,8.844218394,2,3,1,46.34022785,64.63165011,0
56.68291766,1,5,1,21160.06689,0.038165451,1,3,0,33.39445812,57.38944662,0
46.00277403,1,4,5,106985.1241,5.882003228,1,2,0,46.13533647,9.86026453,0
55.02485375,0,5,2,42595.25294,4.941365294,3,1,0,13.93156721,48.45185261,0
39.76190564,0,4,3,59648.97273,6.361202008,4,3,1,8.301835731,53.83774761,0
57.32950107,1,4,4,80427.62589,13.2893284,3,4,0,46.24686813,42.09773737,0
41.43520572,0,5,4,71857.1117,11.7194952,3,4,1,14.4722123,73.85064515,0
20.92467818,0,5,5,101893.8101,9.179091482,2,1,0,1.087355848,46.50103303,0
57.06363899,1,0,1,31591.72111,2.175133824,3,2,0,15.84597554,86.70113124,0
29.27214926,0,4,1,20886.28728,13.75215603,3,4,0,19.4170895,21.13569957,0
40.37645965,1,4,2,49235.78944,2.176726977,3,3,0,6.532727746,18.13368402,0
57.40504003,1,5,1,33614.92745,6.331951001,2,3,1,14.72094128,67.92083308,0
57.18842045,1,4,1,22019.63135,11.75770717,1,4,0,25.37879789,97.62803826,0
49.67591865,1,5,2,38028.68272,0.801963938,1,4,0,48.42394493,60.76198738,0
50.17580129,1,4,3,61883.68656,0.21965455,3,3,0,12.61914261,29.25983786,0
43.60403445,0,0,2,47699.84206,8.058600214,4,2,0,8.898210937,90.78926944,0
39.82059292,1,5,2,48098.48701,8.119031993,4,2,1,15.58205971,26.33969372,0
40.06119438,1,5,3,63434.35752,6.073513613,2,3,1,35.14386643,74.47295786,0
51.6238737,1,5,1,30726.88169,6.084328767,3,2,0,23.10508591,13.54522533,0
53.03571874,0,5,1,23178.94503,1.713690999,4,2,0,32.63156754,66.12455461,0
55.09018019,1,5,3,56523.06976,9.226055625,2,2,0,15.57951464,33.77542079,0
54.92861324,1,5,3,66591.16097,14.25244718,2,1,0,7.946538105,53.59224478,0
28.86829259,1,1,3,50766.19935,0.950487739,4,3,1,29.2948213,62.62726719,1
46.51398203,1,4,1,28098.17984,9.990615828,2,3,0,23.28953341,20.22604605,0
25.34141782,0,5,4,70265.59724,5.669521997,4,2,0,43.77042645,53.83264544,1
48.72403567,0,0,3,64630.4247,8.110998009,4,2,0,31.73659067,35.53167239,0
43.48953464,1,5,2,50220.08422,0.123474283,3,4,0,40.17485919,52.45415351,0
57.36293605,0,0,3,57348.42093,11.98657654,4,1,1,49.9585432,33.90557842,0
41.55992943,0,5,4,78651.33835,13.24268319,3,3,1,14.30752866,64.13284166,0
29.06958881,0,3,2,35945.62278,2.92789195,3,4,0,30.76247107,56.37415386,0
31.37403068,1,4,2,43054.66414,5.121865929,2,2,1,39.32299999,35.69124397,0
52.92120211,1,1,5,101304.2122,5.779913146,1,3,1,27.93202287,33.1088442,0
49.85747796,1,0,3,63792.73629,8.994916446,2,4,0,47.36156606,27.29383048,0
30.37959536,0,5,2,48813.35118,5.962366949,3,2,1,15.93221104,68.27210302,0
28.79477935,1,0,3,54182.31376,9.048631015,1,3,0,7.573258519,82.28307924,0
52.03919774,1,5,2,47372.40555,0.9202404,1,2,0,33.61550073,78.90198593,0
27.86157282,1,5,1,20615.8978,12.97162263,1,2,0,44.39721638,84.52102806,1
54.2698965,0,5,2,49201.01635,3.17829605,3,4,0,17.11638527,29.6467247,0
51.09887388,1,4,5,109321.3952,3.905727735,4,4,0,15.10807518,32.55851242,0
27.97061407,0,5,5,105152.6615,12.65323245,4,3,0,12.20265362,12.64829059,0
28.20317892,0,4,2,44754.91291,11.37763449,2,1,0,20.10074765,69.24112603,0
58.98270377,1,4,2,50376.21794,0.29817644,4,1,1,44.57482891,11.28925331,1
40.90627845,0,1,1,26150.62722,0.278925153,3,3,0,40.09760555,75.71536033,0
41.95285357,1,1,5,93821.43448,9.148868226,3,1,0,30.09984275,51.88172146,0
54.30990744,0,4,5,112534.1356,1.891436691,3,3,0,30.48144303,40.48956104,0
58.35427125,1,5,3,65223.13288,14.05687173,1,3,1,25.21005372,50.0131234,0
59.19393839,0,5,4,69862.72739,14.06350606,4,3,0,21.92279989,27.86158605,0
52.50278328,0,5,3,52150.65447,8.949404845,2,3,1,32.4427033,77.12947451,0
41.7281533,0,5,2,47276.20674,1.830830094,2,2,0,38.73158648,54.62314611,0
27.43965316,0,5,1,31643.92558,10.85095192,3,2,0,46.71364442,85.94005157,0
53.9668414,1,5,2,44126.40252,6.802246888,2,2,1,28.66931504,50.35842061,0
48.50529093,0,0,3,68196.64217,7.820457452,2,3,0,21.13104108,55.35504136,0
43.47852962,0,4,3,57647.42751,13.98550007,3,3,1,44.91162175,15.49021681,0
57.2666515,1,5,2,49464.90477,12.84550861,1,3,0,12.61187851,98.38442611,0
29.71948226,1,4,5,111589.2374,10.14721579,3,3,1,6.971875687,59.64314305,0
45.58055314,0,5,1,31694.00036,11.32101086,3,4,0,25.42131948,46.37425223,0
20.94337863,0,4,2,39540.16506,0.125200116,3,2,1,15.75378013,41.50013343,1
44.45233444,0,4,3,54863.55194,13.05167366,3,1,1,35.7394784,80.27198519,0
24.70710755,1,4,3,56608.93747,10.10785326,3,2,0,13.01302886,76.98891372,0
29.36629671,0,4,3,66668.46655,1.101878129,3,3,1,26.1888369,27.85815846,1
31.03938205,1,0,1,23546.25126,9.016394372,3,2,0,45.17398772,88.54067154,0
51.01865518,0,3,1,33384.83783,1.160302397,3,4,1,38.31353635,30.39716241,1
52.62983009,1,4,3,57582.24459,14.1040898,3,3,0,7.108482651,88.09284188,0
49.1132,0,4,2,35264.39437,2.732859904,4,4,0,8.708613669,50.50728344,0
58.94057603,0,4,1,26662.46396,1.187600779,1,4,0,37.12135505,25.24817681,0
41.88310231,1,5,3,69256.35334,6.191515033,2,1,0,40.07455441,67.50104181,0
39.32490746,0,5,2,43446.26253,11.83525045,4,2,0,13.71488526,52.10188166,0
56.40073795,1,5,3,56846.02162,14.0081886,2,3,1,12.09133675,90.54140213,0
35.71935343,0,4,4,83991.46995,8.147491408,1,2,1,35.68530622,81.13927051,0
58.69537971,0,4,1,21233.87719,5.954821191,3,2,0,39.84862134,74.50211493,0
20.85449171,1,5,1,34000.44222,11.23159422,1,3,0,16.936722,62.41891638,0
57.78223396,0,0,3,50734.80283,5.510224043,2,2,0,39.94400597,17.66409674,0
23.19843118,0,0,3,56232.66125,13.83035084,4,3,1,29.03617975,15.67857376,0
57.72310603,1,2,3,58465.90182,8.701911942,3,3,1,26.26571886,33.70542407,0
47.87022347,1,4,4,79665.37396,0.065576952,2,1,1,0.503593325,38.09633846,1
58.86825455,0,3,4,87615.11756,10.15574382,4,2,0,33.11065294,71.66633322,0
27.30501109,0,5,5,99925.58963,8.950169235,4,2,0,4.676964064,25.40222701,1
48.16465806,0,1,2,38157.32185,8.31367535,2,3,1,22.54221247,29.98066699,1
60.62879448,0,5,2,39127.33361,3.711072038,2,1,0,21.79865697,10.19244102,0
47.59227932,1,1,2,46478.8303,10.14956126,4,4,0,33.95980139,47.36606517,0
49.93232883,0,5,1,27413.43101,3.869229513,3,2,0,6.79079347,97.45164697,0
51.49449846,1,3,2,39222.59477,5.371114749,3,1,1,0.80221133,24.37046119,0
44.15015518,1,0,1,29315.80588,8.430069406,4,2,0,40.74985644,58.90450267,0
50.10763666,1,5,5,99439.9275,11.83452296,3,2,0,2.955563837,57.71730854,0
48.59987411,1,4,2,47200.84345,6.881382239,2,2,0,43.30033974,16.95602577,0
56.24759705,1,0,2,38781.63217,7.18553556,3,3,0,14.64330252,19.93286077,0
23.65794897,1,4,2,41481.31035,12.91644077,2,3,1,32.05938913,57.54531523,0
38.42783773,0,3,1,27169.94423,6.990198331,3,1,1,16.46034428,11.25089309,0
58.89253438,1,4,1,30317.54569,0.005479899,3,1,0,9.359903122,75.14215153,0
57.46640648,1,5,2,47384.82459,0.414346967,1,3,1,27.89394556,82.00171837,1
44.9957823,1,5,1,27260.40094,6.997013227,3,3,0,5.773598433,40.51254879,0
50.78292243,1,5,3,58593.90713,3.851127464,2,2,0,28.85221899,33.75878918,0
38.04092951,1,1,4,83165.3008,7.893563159,2,4,0,17.34353004,89.23610144,0
33.54436205,1,5,4,78152.92924,1.311597076,3,2,1,21.629388,64.40550784,1
45.80576555,0,4,3,53959.50784,7.728792467,2,3,1,24.35412285,44.11046665,0
41.28509506,0,4,1,28534.0055,11.1755242,3,2,0,18.33975139,20.17423359,0
48.45127437,0,4,4,80309.53948,12.93978796,1,1,1,21.56459001,69.95632802,0
26.89930673,1,3,4,88717.7444,6.939615878,3,4,0,10.96670723,23.39582174,0
58.53677902,1,0,1,29594.11693,8.170595811,4,2,0,6.873200741,75.18764161,0
58.26846906,0,4,3,70600.16579,3.073397506,3,3,0,41.75306703,48.4520793,0
52.48996794,1,1,1,21852.65852,0.12316251,2,2,0,39.8173847,84.75722141,1
48.01012267,1,1,4,86981.22049,0.208975354,4,3,1,4.565696557,8.246864197,1
39.26012753,1,4,5,105790.7876,3.928489585,2,4,1,44.03130872,95.94733629,0
55.29782289,1,0,1,29030.88725,0.86785332,1,1,0,48.03544548,56.53533348,1
51.65579602,1,5,4,79766.58072,12.76577845,2,4,0,20.65260333,12.72252323,1
32.74230015,1,5,3,50631.61029,6.821841365,1,3,0,17.04981072,72.49178921,0
56.68661081,1,3,5,116170.7499,9.636539781,4,3,0,35.22360263,61.89499786,0
54.54293021,1,4,2,37889.31622,10.2686547,2,3,0,19.95776556,19.3442955,0
58.02566899,0,1,4,81487.74941,3.708380792,3,4,1,15.34632792,37.85259946,0
52.56040943,0,3,1,30262.79855,3.714557428,3,1,1,4.630576306,14.90987153,1
50.14307751,0,5,2,46665.52098,1.104007154,2,2,0,13.8452025,34.46140685,0
42.97342295,0,3,1,25574.96983,6.118122978,3,4,1,11.39298946,22.37114972,0
57.87359132,0,4,5,94732.34429,12.11847243,1,3,0,22.18528464,70.23638674,1
55.51987921,1,4,4,71681.08426,6.944969716,2,1,0,35.79007128,59.78727037,0
23.6948755,1,4,4,86454.22963,8.972921645,1,3,0,6.301001257,56.769381,0
22.39961828,1,0,5,114700.6154,12.07077032,4,3,0,7.329151533,74.81680501,0
42.26499602,0,5,1,24150.57707,0.018539357,4,2,1,25.44921765,54.45892241,1
54.48285215,0,4,2,45118.82683,0.520980759,2,2,1,42.29381763,83.44596626,1
59.05254894,1,4,1,28649.73157,8.950399484,2,3,0,48.88584003,24.45152418,0
32.39750003,0,2,1,32222.74906,2.816230345,3,2,0,6.465245627,78.83622335,0
48.11684853,1,4,1,21909.18338,4.037818063,2,3,0,9.348061726,44.36783123,0
42.28744928,0,5,2,41249.45473,12.64434563,4,4,0,25.2738516,24.39256159,1
58.64945771,1,5,1,29124.9635,1.079318145,3,2,1,3.331448176,87.64343899,1
56.30185903,1,5,1,33529.64527,0.067673017,2,2,0,22.12790913,14.68972084,1
54.59621941,1,1,1,34259.35819,8.198963899,4,2,0,30.597219,77.52969439,0
44.04517837,1,5,1,26001.95568,13.10418454,2,2,1,20.18729606,96.48324455,1
42.13899488,1,5,5,101378.9145,0.090674226,4,3,0,39.86296318,26.20103038,0
38.02543798,1,0,3,64889.88943,12.13098412,4,2,0,26.43165884,85.99012372,0
25.13739882,0,5,5,117247.1953,14.44388941,1,3,0,37.7318845,62.93116241,0
55.52159696,1,0,2,46803.42172,2.755906264,1,2,1,14.27215411,77.28581167,0
55.33782921,1,4,1,33580.71072,1.10222991,4,2,0,36.03670619,19.21778323,0
58.12101998,0,1,3,54592.64419,9.800047622,4,1,1,50.28612981,43.225193,0
58.96504236,0,5,2,41496.8735,3.119903213,1,1,1,42.9283922,22.64918311,0
47.35934626,1,5,1,34177.10348,6.801708448,4,2,0,40.14217548,58.86131314,0
53.65516461,1,2,1,20904.99948,6.909914522,2,2,0,38.45100038,41.96238295,1
58.02507492,1,1,1,21299.39221,13.93630707,2,4,0,43.10386893,83.17355241,0
55.54482274,1,2,1,33295.97056,10.21062268,4,3,1,47.47005052,33.28086691,0
36.79656181,0,5,2,36531.74966,11.19824146,1,2,1,27.43755528,43.60679449,1
45.53235064,1,1,3,68054.11733,7.731121303,4,2,0,13.96605587,91.71630329,0
30.69481173,1,1,1,23145.31619,12.01185711,2,2,1,3.888979049,79.9932121,1
58.44209919,0,4,1,31414.46512,13.84684254,3,2,1,20.22905592,47.6516901,0
49.40236066,1,1,4,83508.00212,9.72836121,2,2,1,35.00456147,65.52138205,0
36.28027786,1,1,1,31806.72574,13.95315851,3,2,0,12.60884053,50.63948933,0
51.76262095,1,4,2,40324.89576,10.93341632,3,2,1,32.25410791,70.22529694,0
48.69244665,0,5,4,75064.0301,4.523788444,1,1,0,24.95297997,77.47987249,0
40.57842519,1,4,1,30198.33727,6.093451112,3,1,1,20.21678854,42.75739409,1
30.30528363,0,5,1,27198.17804,1.702651656,2,1,1,5.475671361,85.86976233,1
50.8925846,1,4,2,43778.82088,8.878097792,1,3,0,39.01531977,64.92560958,1
47.19634419,1,4,2,48399.69081,3.220457878,4,2,1,29.23042758,45.53215928,0
53.68047878,0,5,2,46341.37367,9.450774616,2,2,0,23.97519713,62.70048534,0
47.04580787,0,5,4,82597.93324,7.657677468,3,3,1,42.63206186,29.80585601,0
55.91764338,0,5,1,28207.76452,8.594232505,3,4,0,38.91453507,53.08797304,0
48.61778195,0,1,2,43074.9238,9.403833717,3,4,1,7.240035245,22.13136398,0
48.13459412,0,0,2,38516.20668,13.08409528,1,3,1,37.73880803,18.74765763,0
56.1785991,1,5,1,31648.96984,10.81258556,2,1,0,36.7260721,78.8970959,1
42.78210818,1,0,3,57006.74132,0.115395655,2,3,0,15.97765139,20.61053292,0
30.74204577,0,4,1,28733.4676,0.431093737,3,3,1,15.44346252,48.69652906,1
21.77116737,1,5,2,36795.09371,4.000728578,4,1,0,46.08520985,34.46684855,0
53.20867371,0,5,1,36351.27356,2.070757727,3,3,0,22.92167886,11.30309799,0
49.77729011,0,4,2,40342.55733,1.199496736,1,4,0,11.1005228,12.84954125,0
52.15329716,1,1,2,38097.95776,0.218841792,2,2,0,29.16116359,91.61280659,1
36.09793187,1,2,4,77760.30605,9.018494927,1,1,1,43.47607499,39.22823829,1
31.46084379,0,5,1,28751.36076,1.800254077,1,1,0,46.48386713,30.8381643,1
20.82752651,1,5,2,37430.46549,0.055122657,2,2,1,15.82704351,57.28426197,1
41.63546812,0,4,2,47412.05781,10.80674625,2,1,1,29.66351242,77.02641626,0
48.78411931,1,5,3,61727.12085,0.088085487,2,3,0,45.03576608,50.26032995,0
41.92178808,0,5,2,44162.6476,10.78506076,1,3,0,43.15859364,98.1049787,0
43.46670056,1,5,3,58762.82144,0.140542845,1,1,0,49.74377493,47.40671946,0
56.01031065,0,1,3,49019.58509,7.185290197,1,4,0,21.15531547,16.88225004,0
40.81404177,1,0,4,87909.19601,13.94935892,1,2,0,15.62587202,29.01834042,0
47.00974372,1,4,2,46062.04167,2.008253383,2,1,1,13.79404627,19.22692534,0
54.88687157,1,0,2,38977.28488,9.687332472,3,3,0,42.90831634,35.61219748,0
43.17295165,0,5,4,84007.78541,0.064682943,1,3,1,44.22208729,31.04852955,1
49.88409109,0,4,5,117795.612,5.989163712,2,3,0,16.1343466,21.24242298,0
56.43877348,1,5,4,72963.48009,9.565678415,2,4,0,14.12070767,94.02867478,0
56.83026164,1,4,2,43176.56053,1.759990307,1,3,1,42.1986661,43.71284196,0
32.12464519,1,0,1,26257.49386,7.31603161,1,4,0,3.424018587,54.47440949,0
58.40780435,0,4,2,48200.57241,3.215164445,2,2,1,26.55810227,97.35980791,0
45.21779592,0,5,3,54619.6873,3.060573251,3,3,1,22.43549681,36.26583345,0
37.60507061,1,4,2,36682.47262,4.379584963,2,4,0,28.26182118,31.07795031,0
45.17907191,1,5,2,38609.45169,5.080316159,1,3,1,42.47102783,27.2715173,0
58.78030372,1,3,4,88371.94745,6.083997076,4,1,0,9.921716475,38.72383674,0
46.33475528,1,4,2,45171.92676,12.98853431,2,3,0,44.32951433,68.99228144,0
41.20124559,1,4,4,89597.17477,13.26409811,2,3,0,42.15336182,47.01623254,0
50.09621118,0,4,2,44617.63717,3.236664611,4,1,0,7.0493306,29.7559737,0
37.13131405,1,4,2,42507.75003,6.864952278,4,4,0,41.10447509,24.54652539,0
26.75698816,0,5,2,39301.04516,11.71525045,2,1,0,3.518354529,99.32409886,1
30.55041396,1,4,3,59913.67022,4.956188161,2,1,0,4.364359695,70.19110697,0
31.43926559,1,5,1,27522.3415,12.82731771,2,4,0,5.858192352,31.40418812,0
31.54711316,0,2,1,24374.99128,0.0137113,1,2,0,10.72568113,36.60029701,1
31.03786009,0,1,5,111096.2879,0.267091685,3,1,1,41.73966344,55.20466138,1
50.74730889,0,1,1,26345.48791,7.901294888,1,3,1,28.41824671,39.25436954,0
34.25339068,1,4,2,48416.07462,8.990756896,2,3,0,17.59486178,99.7074544,0
41.17651446,1,4,2,48839.70654,5.01252377,4,1,0,39.97574694,90.1851866,0
57.54888105,0,5,2,32676.08211,9.183127405,4,4,0,30.87179597,46.98948358,0
44.7301903,1,1,3,60048.35054,6.51502589,2,3,0,4.793707229,92.20491689,0
50.85723033,1,5,1,26206.61888,11.86904832,3,3,0,1.326107573,35.64024425,0
32.48221284,1,4,2,48965.65444,6.045603991,2,3,0,46.69726144,99.67376255,0
33.76495926,1,5,2,38592.34316,11.25902799,4,3,0,3.232720844,96.54671571,0
24.19960011,0,5,3,55589.71746,4.893826568,2,2,0,20.84251298,25.69828435,0
33.40046334,1,4,1,27277.08769,2.594960257,1,2,1,5.429570622,67.72006973,1
37.51215462,1,5,2,37691.68532,6.13376004,1,3,0,42.50214408,13.21516806,0
33.46004032,1,2,1,25682.70546,7.862861822,2,4,0,19.41913179,21.11939003,0
28.71716172,1,5,1,21087.95296,12.74321943,2,1,1,44.00047273,89.70023067,1
31.218716,1,5,1,28441.63713,9.865239758,3,3,0,5.541486484,87.58435473,1
45.99286554,1,4,1,28667.09284,8.960171594,3,4,1,8.452442273,25.67118243,0
34.59064879,1,5,4,90029.50933,8.869470427,2,1,0,19.46008997,91.55259393,0
41.34155076,0,5,1,23793.14149,12.52394521,2,1,0,28.74908282,20.63417681,1
45.05901855,1,2,5,102064.7657,6.19362497,1,2,0,25.06565753,57.8896586,0
52.79143977,1,5,5,112332.4341,0.275172159,4,3,0,17.71253801,12.91261861,0
23.34617357,0,1,2,48952.34341,9.140626106,4,1,0,19.02355795,78.08793299,1
53.97059451,0,5,1,27737.79903,7.754439132,4,2,0,3.077105799,70.38174922,0
50.14810945,1,5,2,50412.32516,11.95650957,4,3,1,8.876009624,24.86906409,0
27.40459197,1,2,3,52218.13282,2.998592423,1,3,0,36.27403509,58.33585519,1
57.29385565,1,5,2,44486.03293,14.12924525,1,2,1,31.47967988,35.07241142,0
58.0683608,0,5,1,25122.72685,2.144256252,3,2,1,49.50860637,80.59862883,0
26.05787221,0,5,2,45201.11699,2.841534125,4,3,1,16.31750548,79.48549284,0
38.38394623,0,5,4,74914.72476,3.017698122,1,4,0,22.80327293,12.3219947,1
55.25446428,1,1,3,68863.35972,12.09870053,1,4,0,34.82716165,24.9784695,0
53.11843949,0,5,1,24839.71389,9.314228264,4,3,0,41.61938471,63.86283663,0
33.58182193,1,1,3,54194.05282,10.15206242,1,2,1,40.04953801,86.41199181,0
35.24941695,1,3,1,18552.04151,1.170311933,2,2,1,5.243337572,67.23755277,1
42.99563163,1,4,1,35467.34682,13.01809335,3,1,0,13.63042943,11.84983434,0
46.71175628,0,0,4,70874.67282,11.30443696,2,1,0,47.03249411,58.00041022,0
50.84283015,1,5,1,31992.15617,13.08844421,1,3,0,4.3138675,26.46177856,0
41.72955586,0,0,1,34995.35154,0.185859329,3,2,1,18.3437522,46.63519435,1
44.47647766,1,5,1,23371.80865,11.30290682,3,2,1,27.42237908,78.13518258,0
52.933456,1,4,4,74497.28964,9.150637156,4,4,0,3.528955288,88.0499181,0
23.02947968,1,4,3,53944.7016,10.90437229,2,1,0,36.93188323,48.42073719,0
37.57885096,1,5,3,65545.35183,0.103494939,1,1,1,3.561929224,71.5513059,1
51.10464964,0,4,3,64908.7874,12.06401359,3,1,1,24.41292984,54.99743617,0
57.80916517,1,2,1,28610.46916,13.09997494,3,3,0,30.5608694,18.30094724,0
46.91641041,0,5,2,45503.64805,7.042584047,2,3,0,44.83663258,45.50083321,0
46.77417069,0,5,2,41904.30571,13.06719363,3,2,0,45.51521678,39.08591868,0
29.46457491,0,2,1,22852.97925,1.366922973,2,3,1,11.29184599,86.11957418,1
43.12454506,1,4,2,43864.03738,11.2312845,2,3,1,37.18472448,9.222511134,0
47.43547503,1,0,5,115280.9064,9.041147254,1,4,0,0.765217892,53.67820732,0
37.03878679,1,1,1,22335.27821,4.203174787,2,4,1,9.256201772,63.41820765,0
37.31758281,0,0,1,33410.78428,10.77713751,2,4,0,16.91433704,48.38510451,1
41.31487534,0,2,1,30405.9018,3.085889551,3,3,0,1.316949292,18.32870973,0
21.82236264,1,5,1,21371.51843,7.390525125,3,1,1,2.655962596,56.05509044,0
40.88294845,0,5,5,97281.19997,0.952936439,4,1,0,46.87360332,91.16671527,0
34.86267057,1,1,2,37128.93389,8.817044612,1,1,0,25.31462958,41.70750186,1
39.20480489,0,4,2,36630.34612,7.859251533,1,3,0,30.97576343,31.8004678,1
29.86999661,1,5,3,62688.16563,5.76481093,1,4,0,25.43852556,89.82610687,0
56.85572334,0,5,1,24728.01631,13.83061506,1,3,1,22.22872017,90.09506489,0
47.57328869,1,0,2,41051.91048,11.92002862,3,1,0,30.17907703,64.19472182,0
50.97127684,0,4,2,50768.39764,5.696618964,3,3,0,10.14728461,77.95521512,0
53.87783064,0,4,2,49202.17398,0.0033711,3,4,0,8.542001388,76.90439934,0
46.36830821,0,4,5,120511.1337,13.19474972,2,3,1,43.70152191,75.70267224,0
28.97813773,1,5,3,57941.45098,10.80406768,2,4,0,25.28250432,56.67774155,0
47.59597725,1,5,2,36210.07722,1.327925972,2,4,0,22.38132975,85.8122231,0
48.85775207,1,5,4,72267.9136,3.110250618,1,4,0,15.30792708,42.05906038,0
52.41462388,1,5,1,28083.56453,3.222443044,3,3,0,40.42838108,45.8080668,0
45.36136295,1,1,1,31573.54065,9.858011375,4,3,0,10.10340775,42.9118064,0
31.03132783,0,4,1,28734.96778,13.18444282,2,2,0,20.25210265,42.79324092,1
39.0073689,1,1,2,44938.31852,1.764314306,3,1,0,41.00496982,29.5913092,1
41.98723731,1,3,2,50892.8744,6.192153206,3,3,1,45.55548381,34.78023661,0
51.10479112,1,5,3,54684.23622,11.03709023,1,1,0,23.11111064,81.31897614,0
48.92363022,1,4,5,103084.2723,7.119415102,3,4,1,2.531785831,69.9600763,0
40.6965204,0,4,2,39258.28637,0.746256774,2,2,0,1.750736582,36.92093293,1
58.7106998,1,3,2,45524.09929,2.806805928,1,4,1,18.49593558,74.63288984,0
49.98267281,0,5,1,20753.90495,13.1289072,3,2,0,14.25847774,20.26689404,0
35.71251655,1,4,1,27135.19278,1.795306238,4,2,1,8.216266578,30.38907567,0
29.62288918,0,4,2,49015.76369,1.099979583,2,4,0,38.82575783,26.93122012,0
32.05630389,0,5,2,36113.12864,10.70491362,2,2,0,11.12914911,15.79552672,1
36.86511154,1,5,4,88063.06066,12.183072,4,2,1,26.50635127,76.16826481,0
33.79564479,0,4,1,28665.78549,12.73396914,4,1,0,27.40876269,48.15864644,0
32.59757968,1,2,1,25065.53909,5.119209775,3,3,0,28.9015887,45.89022376,0
39.57743071,0,5,2,37704.35328,12.13503772,2,2,0,15.23448097,20.04610111,1
33.65920599,1,4,1,30760.792,2.84960706,4,3,0,46.71271695,10.84552601,0
55.90313176,0,5,1,23822.91816,5.125626043,1,3,1,1.603923884,31.8854465,0
27.81871086,0,2,3,59568.52917,1.056214498,3,3,0,42.20866159,51.62251865,0
46.80349976,0,5,1,23558.7759,10.88369505,1,3,1,28.56781427,59.63235848,0
42.2553959,0,3,3,68846.80337,2.782311081,3,3,0,2.9552146,34.06649958,0
58.58851816,1,5,1,26723.15911,9.576382052,2,2,0,18.0504524,60.75220177,1
29.41248138,1,5,1,34908.46036,5.075469325,2,4,1,34.05067595,65.89797441,0
43.92698893,1,5,2,48228.16445,12.66224913,2,2,0,31.89598334,73.4333923,1
59.49499409,1,5,4,73000.73111,4.020579326,1,3,1,29.82504635,91.11660297,0
56.67268012,0,4,2,37983.94558,1.94313669,3,2,0,24.94204014,17.32575925,0
55.38178012,1,5,3,54278.06211,7.146587844,4,4,1,25.22491262,67.70018532,0
36.40270721,0,1,1,25236.51064,5.934805758,4,2,0,38.72755028,53.25283896,0
32.72251744,0,5,3,58088.57741,1.928891181,1,2,1,8.123714439,37.90677044,0
51.25888972,0,5,1,25823.32578,5.15796877,3,3,0,19.8510135,60.09330703,0
57.35346798,1,5,3,55243.99836,3.072319748,3,3,0,47.41753624,25.65574419,0
48.37719158,0,5,2,43340.53149,10.06823988,2,1,1,41.41115498,95.86245812,0
48.87286267,0,5,5,119142.7292,4.101287869,1,3,0,23.72055381,23.96803921,0
37.80171169,1,4,2,47906.17133,9.668558343,3,3,0,29.18331,73.76851783,0
54.37611319,0,4,1,35237.26836,4.163347127,4,4,0,33.88298217,12.12878517,1
34.23502489,0,4,1,29327.44927,6.132196768,3,3,0,37.89496463,90.37404725,0
39.8090411,1,4,4,80658.05641,9.780556617,2,2,0,45.3692568,11.89278393,1
44.61331052,1,4,2,44893.19228,3.947317071,3,2,1,46.58118324,90.31509802,0
45.42809414,1,5,3,64053.92824,9.991515819,1,4,1,35.84338405,90.23309303,0
37.32584325,1,4,1,23017.53373,13.97096988,3,4,0,43.73204026,79.68297056,0
30.31376338,1,0,2,42236.03014,2.072061155,3,2,0,3.603841927,15.75258945,0
49.83624324,1,4,1,33489.14683,9.30894972,1,2,1,18.78185825,58.74309671,1
39.17253142,1,4,5,95649.80641,4.233491186,4,3,1,9.604167142,23.66127141,0
48.33813388,1,5,3,56842.97136,5.716767388,2,2,0,27.23027178,48.64951866,0
32.48883026,0,1,5,102164.3456,4.134269114,4,2,0,15.6460259,88.16372978,0
45.90218277,1,1,1,30283.87244,4.28684023,2,1,1,10.84580537,55.39190772,1
46.72346823,0,4,3,60598.34438,8.083489701,1,2,0,47.73744291,40.71303678,0
25.55494855,1,0,3,68292.21627,14.23547989,2,2,0,27.00567979,50.12670993,1
40.62738697,1,5,2,38735.59203,2.434333394,2,3,0,23.36561008,38.86362567,0
30.25489354,1,5,4,85203.49082,12.22095998,1,2,1,12.42058066,66.74918176,0
25.17650953,1,1,5,109821.4828,5.053811379,3,2,0,31.90281514,14.74838459,0
59.32059236,1,1,4,82684.95764,0.225574462,3,2,0,37.21296728,68.83323029,0
39.3226252,0,5,3,70400.72595,9.031272946,3,2,1,3.636830262,80.82368342,0
55.92832404,1,5,1,27611.55667,4.005159292,1,1,0,13.93616083,10.37248058,1
35.89861435,0,5,1,27042.34735,6.924149889,3,2,1,9.293591185,80.2382299,0
52.89746208,0,5,5,103557.2537,4.337450978,1,3,1,49.02731009,51.94978106,0
54.1116328,1,1,1,27079.2986,7.823348347,3,1,0,33.005887,12.21144942,0
48.94883667,1,4,3,63774.28067,10.33075001,1,1,0,36.08903062,65.76804394,0
44.71172603,0,5,3,47477.97258,5.1078919,4,1,1,48.19454913,68.53097459,0
43.21115163,1,5,3,56634.82887,6.69797032,3,3,0,5.523555284,98.4627118,0
40.98009043,1,5,5,106922.5475,9.079354326,3,4,0,1.701072034,18.10535393,0
58.58367054,0,5,2,37528.65896,6.546725123,2,1,0,11.89050648,11.95088259,1
55.06042889,1,4,2,47985.61423,12.13501119,1,4,0,23.24526742,102.0958326,0
59.07951288,0,0,1,32340.17906,2.191070537,2,1,1,12.59782319,58.53504576,1
30.80764128,0,1,2,37230.67262,5.872144436,4,4,0,43.87437866,52.93693572,0
52.96987453,1,5,1,28680.23367,13.02666684,4,2,0,43.92638046,10.14491523,0
58.16283379,1,3,2,42078.3681,6.421790138,1,3,0,44.68926385,67.30548762,0
33.09528396,1,1,4,84680.66716,12.89083839,3,3,0,15.17914534,62.67143021,0
25.28678078,1,1,5,97571.45466,8.771442787,3,2,1,32.86595503,25.03396687,0
53.39320277,1,4,1,27433.0036,11.31980587,3,4,1,32.76325142,59.60651677,0
49.09039151,0,5,2,46130.89688,5.423609638,1,3,0,24.56935108,83.89511411,0
55.90266884,1,5,5,120413.5839,11.00079768,2,2,0,4.403442554,94.89046125,0
31.00975195,1,5,1,23885.77323,6.218316665,2,1,0,26.34399695,64.27298299,1
54.18387823,0,5,1,29860.85258,13.28954746,4,1,0,16.74062724,9.366832234,1
34.71445546,0,5,1,32268.64602,0.83974038,2,4,1,9.169421969,101.0644354,1
32.58825998,0,4,2,40127.35947,7.895250397,2,3,0,43.39648064,37.02507399,0
33.10360637,1,2,1,34298.64195,9.265674977,4,2,0,2.594022847,60.45885327,0
54.48241966,0,4,5,99228.25626,9.363697619,3,3,1,34.42662078,66.93534483,0
51.21597453,1,5,2,39062.33158,0.121493587,4,4,0,17.6025547,80.64400699,0
46.09929648,1,0,2,36891.48758,0.18990129,2,3,0,6.100430948,69.61363561,0
41.54444557,1,0,1,25154.96101,2.428892149,1,3,0,19.54913367,68.37712899,0
56.25001428,0,1,2,35871.05716,12.88539394,4,3,1,7.915497056,32.24156167,0
43.13544526,1,0,3,54755.78264,13.92766304,2,2,1,13.68302109,15.97485081,0
55.51986477,1,4,3,68642.57272,2.073891039,1,2,1,9.889669883,58.04408165,0
44.88107197,1,0,3,61462.22517,0.335453801,2,4,0,2.74343708,49.23064458,1
42.53662368,1,5,2,51041.87808,11.18432427,1,2,1,37.06671616,36.90928482,0
44.02613775,0,5,5,94630.69836,6.089545588,2,4,0,28.50521023,48.67256621,0
39.32307613,0,5,4,86804.24181,3.099997334,4,1,0,15.360894,92.64266762,0
52.66945747,0,5,3,66319.37886,9.009392313,4,1,0,23.22270541,34.00209861,0
46.01380273,1,5,1,26430.08539,12.1204702,4,4,0,23.11635165,47.53763293,0
36.27385281,1,4,1,20244.75148,0.454013542,1,3,0,17.31103595,96.07956101,1
56.61606584,1,1,1,21471.52168,8.935979518,2,2,0,45.87434121,32.63045786,1
42.09880365,1,4,3,51678.5609,4.052087519,1,3,0,17.49276809,33.17971333,0
47.6003861,1,5,2,39339.72845,4.751562294,4,3,0,28.12356348,67.59215182,0
56.67649387,0,1,2,41205.06014,8.083384973,2,3,0,26.98923086,90.87455113,0
49.25584588,1,4,4,91138.06474,2.95586643,3,1,0,8.979424617,59.12678661,0
29.51158966,1,5,4,86385.32813,1.378906185,3,4,1,46.59434887,76.43093012,1
57.28492963,1,4,5,109150.1875,4.33952444,2,4,0,4.227848148,22.66780614,0
49.48374196,1,5,2,46802.81925,1.899459382,2,1,0,2.867371603,61.69420255,0
41.55739928,1,5,3,49650.84335,0.967442818,4,4,1,2.689683849,40.47259112,1
30.49774747,0,0,1,25531.0485,10.98403898,4,4,1,6.520739268,56.30684285,0
55.392587,0,5,1,24661.20099,0.09748729,2,3,1,14.63686949,48.38234506,1
50.26097583,0,4,1,25417.47916,9.042094671,2,3,0,31.07161258,47.0592391,0
47.0977823,1,3,2,39320.35375,0.836330537,4,2,1,11.41377594,52.66036718,1
56.54591019,1,2,2,50579.02825,4.75596521,1,2,0,19.19202161,85.13747271,0
54.37047906,1,5,4,76132.60429,7.134407519,2,3,1,27.98457575,85.93573879,0
31.69547515,1,5,1,22679.772,12.13587921,1,4,1,17.22298495,15.35381463,0
40.06454583,0,5,3,51977.4974,1.826394512,3,3,0,27.99232075,88.86695752,0
38.35434004,1,4,2,48834.93775,10.19325571,1,3,1,18.43713156,35.87098158,0
52.94918224,1,4,1,20434.54045,13.86367871,2,1,0,37.56997551,21.49800671,1
23.60799043,1,5,2,45286.10156,8.054643807,2,1,1,23.15629986,50.71101143,0
47.62800448,1,0,1,21665.25967,14.17706507,3,2,0,20.01219406,60.32346695,0
53.98149033,0,4,2,47207.92278,10.99274498,4,1,1,12.3247318,89.46651029,0
56.9367918,1,5,2,47721.63217,8.098152395,4,3,1,13.90244835,71.67236564,0
40.66832088,1,4,1,24490.16076,0.888532558,4,2,0,43.46018891,59.33433595,0
55.95882445,1,4,1,22828.14474,6.95759417,3,3,0,10.61720026,37.03269331,0
30.37441607,1,5,2,43019.14222,8.955566795,1,2,1,48.69358625,18.01968029,0
55.70244292,0,5,5,94645.91087,9.838856697,2,3,0,14.65552033,46.7364456,0
31.33455736,0,1,2,41498.12133,10.96184463,4,3,0,16.4586011,74.83681749,0
43.51450232,0,4,3,52396.18558,3.665742424,2,1,1,27.47404016,80.02512216,0
54.32895091,0,4,3,65267.08444,2.893988169,1,1,1,17.77384874,95.99238283,0
31.16931719,1,4,5,102291.1701,8.938511774,3,2,0,4.326459572,81.01445291,0
35.61532872,0,5,4,80694.38209,3.944705533,2,4,0,20.73225653,15.96858915,0
52.86905729,1,5,2,49632.85993,2.947874598,2,1,0,21.14952025,82.55862979,0
52.96062311,1,4,3,63912.77084,6.986668663,4,3,0,35.56302296,87.58029898,0
51.32834895,0,5,4,81177.08439,3.103483834,4,4,0,38.94041198,71.88232354,0
52.09400767,1,5,2,40057.99466,12.18875791,2,3,1,33.89592971,19.36175139,0
47.29357398,0,1,2,36525.71178,8.859753078,4,2,1,32.77382074,80.37792786,0
37.20113288,1,0,1,29830.0622,10.74029817,3,4,1,43.27819962,91.80853389,0
41.32301305,0,1,4,79145.34844,11.77508258,3,1,0,41.18843577,60.73165873,0
34.29614124,0,3,4,88469.47673,12.89484093,1,2,0,40.32149387,99.57134184,0
57.57175636,0,5,1,32071.55114,4.924040439,1,4,0,32.61884031,65.60386435,0
49.44116284,0,0,2,46968.13914,0.833802159,3,3,0,12.2190221,95.94747661,0
43.24291618,0,5,2,43796.27947,3.720242997,4,2,0,1.387122092,35.15660798,0
44.96288082,1,0,1,28877.00663,4.901549761,3,2,0,28.12535388,60.29052768,0
57.12131577,1,0,5,93814.72729,4.039159567,1,2,1,10.90228919,12.77930949,0
32.22727732,1,2,1,29308.55897,11.12843262,1,3,0,22.40581599,96.65572061,1
49.10987127,0,0,1,22436.19261,0.87968444,4,2,0,16.71447648,31.48167368,0
46.14367107,1,4,2,41968.83179,12.91085754,1,4,1,26.17806473,56.85140136,0
49.32457241,0,5,3,69799.22242,5.799979162,3,4,0,2.833381997,92.34254728,0
20.42809773,1,4,1,21160.84187,2.993214092,1,4,0,7.005455632,50.80541685,0
56.55714062,1,4,3,58373.50747,6.816873081,1,2,1,43.77457202,10.36158208,0
57.97907447,0,5,2,36288.14033,6.123705314,3,3,1,7.886226979,12.63019777,0
48.3605286,1,4,1,21910.81183,5.614534192,3,4,0,20.14683708,34.47320409,0
52.01498103,1,0,1,34790.4265,7.922376649,2,4,0,11.31227506,69.34230538,0
58.01574164,1,5,2,48083.97442,0.064991747,2,2,0,34.29668386,90.95813343,0
52.49637241,0,1,1,27939.15176,9.039679293,4,1,1,16.03868024,40.65720494,0
31.72700119,0,0,5,114362.0672,5.581270998,2,1,1,26.89209572,18.92560353,0
49.05084997,1,0,4,70514.60108,5.075501696,3,3,1,40.15724736,56.19120516,0
49.75544638,1,0,5,105787.1004,4.783282391,4,3,1,10.11039954,94.08239849,0
43.77014211,1,4,1,29729.3518,11.97939476,1,4,1,21.38190279,29.65942494,0
52.83644127,0,0,5,93719.27131,10.61661063,4,2,0,38.35558704,59.93138567,0
58.11751357,0,1,2,47758.57123,4.982603152,1,1,1,33.02403312,95.04206338,0
57.74673163,1,5,2,41699.02886,10.82019114,3,2,0,20.63715952,85.84555736,0
45.66432213,1,4,1,27528.86094,9.197580085,2,2,1,44.45345457,99.85008803,1
29.5267334,1,2,1,31189.86354,5.881385878,4,1,1,37.56133444,62.45632432,0
58.90114086,0,5,3,56447.25013,12.97479696,2,3,0,12.31192614,66.98056806,0
54.76737277,0,4,2,41665.90982,8.862819635,2,3,0,27.29090821,26.51897547,0
31.76548257,1,4,1,36024.95801,5.375317945,4,3,0,14.40702669,58.85478754,0
58.10398172,1,5,3,68535.05859,0.069337827,3,2,0,22.06761944,14.95791372,0
56.54586806,1,4,1,30613.71759,2.395543612,3,2,1,29.12455884,38.39838458,0
46.21410646,0,1,2,35961.82403,1.175728515,2,2,0,41.7585914,56.67886074,1
49.14127536,1,4,2,38492.3894,5.104050466,3,4,1,39.73496691,23.71153435,0
43.47063392,0,5,4,73371.50329,7.079588268,1,1,0,36.91433962,10.86654744,0
25.04353001,0,5,4,88602.67662,2.084998176,1,4,1,33.72467725,11.8135098,0
41.56366214,1,5,2,46004.83569,8.583926418,3,2,0,43.18026857,24.63769952,0
54.72634323,1,0,2,39443.02535,6.939805123,2,4,1,33.72314074,14.7948028,1
20.74557525,1,5,2,46482.66629,7.182420972,4,4,0,48.18643891,53.76168668,0
42.21616679,0,4,4,89662.94783,3.989445912,4,2,0,34.96891953,78.90382974,0
42.80805056,0,5,2,46839.7835,6.696700373,3,3,0,42.12634964,13.98172477,0
46.76431954,0,5,1,34428.55459,4.988688895,4,1,0,18.53606392,64.91879472,0
57.7688718,1,1,1,30491.63274,4.367818319,3,4,0,8.811207105,80.31269811,1
41.8356278,1,2,2,33891.03276,8.269132169,1,2,0,38.1857083,41.10953645,1
40.72339575,0,5,2,50945.62995,12.9866169,3,2,1,33.33754914,59.03436882,0
52.77771209,0,4,4,74697.84179,6.205363148,2,3,1,44.81825023,23.19706145,0
44.85092985,1,5,1,27214.97373,6.920892225,2,4,0,28.33294367,37.63817114,0
35.28875663,0,4,2,40486.1645,0.367767827,4,2,0,36.85978785,35.12611193,0
44.51401327,0,4,4,77633.24144,9.800460991,3,3,1,47.63424787,92.46225841,0
31.46878783,1,5,4,76779.67318,1.337337749,4,2,1,25.71730717,69.7619849,1
32.5938185,0,5,2,46429.944,6.940860661,2,2,0,35.01484192,68.80331185,0
45.98165095,0,5,2,44109.56759,10.9474674,3,3,1,16.32836079,91.5225312,0
43.12390465,0,0,2,42649.5968,7.935282188,1,2,0,23.72476167,37.12052066,0
57.82024827,1,0,5,117168.0382,3.410993517,3,2,1,21.856856,66.39273047,0
41.47184914,1,5,1,24708.31146,11.35095096,3,4,0,2.262921818,28.0164806,0
49.52072782,0,1,5,117512.4996,9.478906973,3,1,1,30.32979979,44.75098881,0
49.88679528,1,5,3,68001.3493,9.965671291,2,3,0,43.78516688,13.15269431,0
20.97383263,1,5,2,42758.3398,9.063808315,1,2,1,32.57469004,89.95476585,0
51.35699409,1,1,1,19168.42163,12.67264415,1,1,0,29.50859685,69.09811657,1
32.40605579,1,0,2,39852.21969,8.318785153,3,1,0,12.67770762,52.88866855,0
59.20230302,0,0,2,43649.15842,2.747943595,4,3,1,43.05031087,65.81639363,0
32.08805682,0,4,1,28430.83134,9.04678937,2,3,0,13.11379577,67.51186161,0
43.26051736,1,5,3,56560.48005,8.763155528,3,1,0,49.57340235,84.68825617,0
28.15297646,1,1,5,93610.63177,8.872897538,4,1,1,24.75522848,60.17657988,0
60.29890683,1,5,2,39697.31495,7.819283221,3,4,0,23.67949639,89.31369943,0
45.66262177,0,4,3,58418.56452,9.868794711,3,1,1,10.89619261,53.27173444,0
48.71909114,0,5,1,34695.66012,5.883634432,4,4,0,12.00779623,95.62135264,0
25.6703452,1,4,2,41228.38476,0.881660317,2,2,1,26.63676422,42.59768488,1
52.7061406,0,5,1,28354.73076,8.179868838,2,3,1,8.341768539,96.30405285,0
34.66280844,0,5,3,66443.20764,2.761523702,1,2,1,10.89729409,57.68832154,0
57.62901544,0,0,5,110102.2557,7.047602203,4,4,0,7.233490019,63.19297566,0
35.75147744,0,5,3,65841.4995,13.26288729,4,3,0,19.74695188,58.53156034,0
33.69806288,1,4,1,20183.65495,5.889230437,3,2,0,7.89525209,18.03786871,0
22.55966591,0,5,2,37730.12247,11.84504262,1,1,1,8.033663219,44.12867084,1
45.24938902,1,5,2,49572.24587,13.950243,2,3,1,7.409404602,73.22986139,0
47.70786208,0,5,2,45583.85684,6.254634785,1,3,0,13.49876494,87.16940177,0
26.33483461,0,5,4,74793.27759,7.041896668,1,1,0,27.86472679,56.81655285,0
54.10735066,0,3,4,86698.30588,0.114658598,3,1,1,1.687105115,31.38326901,1
44.19813861,0,5,3,51503.20483,4.104441124,4,4,0,42.4535229,91.92918506,0
47.81866369,1,0,2,48445.09594,0.762078556,4,2,1,7.995122595,21.10948519,1
44.9500581,1,4,1,19059.90711,1.14706631,3,3,0,12.85072856,54.24939534,0
42.67582154,0,4,1,32449.71655,14.0881948,1,2,0,20.74255429,52.90165464,1
47.7948975,0,4,2,46421.77177,0.066438136,2,4,0,46.49566936,38.8163164,0
32.15122897,1,4,2,42555.45675,3.818997582,2,4,0,28.22121424,35.24746798,0
34.17693487,1,1,3,68028.2167,0.808616613,3,4,1,36.14483705,61.95290789,1
56.34838415,1,5,3,57004.34127,3.115436287,4,1,0,23.09684713,23.19045906,0
59.06344164,0,5,1,27277.30375,2.265266169,2,4,0,46.68963542,60.32320764,0
41.90639109,0,3,2,39660.37846,1.862441931,2,2,1,14.03751757,48.98825835,0
37.57768351,1,0,1,27725.05645,1.098939312,1,3,0,2.109221852,18.76299635,1
50.27031032,1,3,1,33004.57096,11.54953096,2,3,0,11.24026682,47.38681109,0
42.61332221,0,4,4,74282.24228,4.873814674,2,1,0,34.9774911,95.30184603,0
21.98247512,0,1,1,22383.9909,0.993296164,1,4,1,2.488116268,30.21189613,1
32.94935989,1,4,2,42923.04515,12.8036517,2,1,0,5.825179163,23.68502085,0
51.72617244,1,4,1,29187.83536,12.79786216,4,3,0,3.657717681,67.26298467,0
51.11838866,1,5,4,86751.00252,6.855864821,3,3,1,47.16823773,69.56024376,0
21.99131193,1,4,2,36789.24275,7.063067596,1,3,0,17.93887636,18.11678787,0
36.62868572,1,5,1,22693.8138,11.95956644,1,1,0,1.864110417,35.25450614,1
37.33680186,0,5,2,38747.9513,12.51689468,2,2,0,44.20887381,41.28815082,1
50.71915895,0,3,3,58884.05582,10.54226287,2,4,1,37.12152775,31.78088209,0
20.74107596,0,5,5,93528.58822,3.86901273,2,2,0,15.72349954,88.89512743,0
30.55238367,0,5,1,27065.91062,9.098788196,3,2,0,13.3836126,42.61617384,0
54.36073533,1,5,4,85656.81693,5.406971809,3,2,0,27.9556375,40.81979372,0
33.97694808,1,0,5,101793.4576,2.892137012,3,2,0,27.37128646,98.38536533,0
51.30891063,1,4,5,110611.2635,0.113586629,2,4,1,8.479570493,28.99962118,1
35.80992672,1,4,3,55228.84126,10.29966223,4,2,1,2.887757865,47.0862774,0
29.31246917,0,1,3,49488.48945,0.916895947,2,3,0,36.09903593,74.29488252,0
37.58652815,0,1,2,47460.38572,9.082665283,1,2,1,38.58820581,13.824348,0
53.4340528,1,5,3,58198.80565,9.030489288,3,2,0,25.47968115,75.93441654,0
56.26835892,1,4,2,39623.8274,2.5401333,3,1,1,22.40332745,97.41955082,0
55.56429396,0,1,3,62745.13734,0.165811732,4,2,0,47.4461829,12.26187329,0
43.61858264,1,4,2,36006.40869,14.04649171,3,2,1,37.67904649,17.83924219,0
51.73119197,1,5,3,55622.30413,12.10970595,4,3,0,46.72788059,37.62054698,0
35.34318155,0,3,4,80273.03434,7.847448786,4,2,1,30.69345262,53.98723906,0
38.91159092,0,4,1,31456.58201,7.550159946,3,2,1,21.96472043,10.81134205,1
57.07761471,1,5,4,88216.41482,3.372262759,3,2,1,30.49192939,76.5481829,0
21.63826932,1,4,2,45062.64289,8.937956622,3,2,0,28.29724247,32.86964212,0
27.56782338,0,5,4,82579.87161,2.062017776,4,4,1,31.26283321,25.78263954,0
35.19503615,1,5,2,39188.4409,0.990176525,3,3,1,25.61498628,30.49204527,1
21.79191527,1,1,2,35141.14422,3.908431788,1,1,1,42.90995628,79.68076334,1
34.01520663,0,5,5,121198.7923,12.87700586,3,1,0,23.155535,55.66826885,0
49.67632866,1,4,1,28125.51612,2.071121974,1,4,1,20.34744554,70.51616582,0
44.10109554,0,4,4,84512.22124,8.672529504,2,2,1,2.117948281,69.83543156,0
57.02456594,1,5,2,35743.67281,6.16200685,2,4,1,36.77705255,90.2032017,0
54.28060671,0,0,2,44478.43221,9.910167578,3,1,0,13.91762696,13.35639041,0
41.39478426,1,5,2,43599.70733,4.756083059,4,4,0,20.0260298,87.50483114,0
37.34147508,1,5,2,34115.85641,0.09713188,2,4,0,46.40563488,16.3471817,0
43.1444085,1,5,2,35964.21758,11.27134617,1,3,0,8.489917188,58.93252542,0
48.83717866,1,5,1,31941.57156,6.88445196,2,1,0,16.02017816,73.32823555,1
38.11593526,0,5,1,32742.4858,1.077369509,3,2,1,47.15129611,19.71783663,1
50.13192936,0,2,1,30824.65016,3.842228603,2,2,0,21.6988804,92.0721156,1
43.83450687,1,0,5,104408.4241,8.163591713,2,2,0,30.41502772,54.20476794,0
47.9495866,1,5,5,105362.8893,7.147961673,1,2,0,37.96219697,54.35132539,0
44.14760842,0,4,2,46270.59472,1.399008269,2,1,0,21.93641377,76.27401443,0
39.32159039,0,2,3,60508.85722,7.962105847,2,3,0,11.93946652,34.37742741,0
58.09872026,1,1,2,34421.3173,4.144324095,3,3,0,6.379614216,18.51309974,0
53.76382697,1,4,3,68423.06803,9.021167139,1,2,0,16.65742604,83.75132811,0
32.1026778,1,5,4,86542.62083,13.27970415,3,1,1,25.95886551,87.67566986,0
56.5679744,0,5,5,110203.6496,4.844845453,2,4,1,6.284607373,59.15654777,0
45.45695122,1,2,2,36709.54537,12.16080378,2,2,1,9.155242841,44.39565931,1
57.07034383,0,1,3,56293.55177,1.957976058,2,3,1,45.76016101,63.76138322,0
53.62962096,1,5,1,29270.59163,11.98614547,3,2,0,38.88427507,97.83308424,1
44.63220549,0,5,5,95322.87075,2.019804082,4,1,1,13.81815481,90.57991667,0
21.19420121,1,0,1,31375.46346,9.054444186,4,2,1,43.76711163,79.35029515,0
37.70431826,1,1,3,51504.11144,6.974912838,3,2,0,42.66484097,24.41859412,0
48.19955323,1,0,3,56948.42098,10.04634422,2,4,0,30.32018799,62.30921741,1
50.82819604,0,1,3,54425.83834,9.340624876,4,3,0,25.18349579,47.32716089,0
36.96521669,1,5,1,36331.81385,9.21270188,3,2,1,45.11925565,28.81430631,0
30.70628745,1,4,5,99611.43753,14.18760046,1,4,1,29.46491639,98.42135576,0
55.99517274,1,4,1,21336.37193,10.90167523,4,2,0,20.05789105,75.15967401,0
58.23396936,1,5,3,50561.88437,0.808064076,2,4,0,47.61443929,55.98901163,0
45.83678413,0,4,1,31508.87123,10.20619442,1,4,1,8.526751536,16.45483311,0
33.23277715,0,2,2,39827.89863,11.18908809,2,1,0,23.04159891,77.40404833,1
37.73440247,0,5,2,45138.19513,11.31786485,2,2,0,42.26883728,58.70434883,0
20.45974577,1,1,2,46246.2553,0.869635339,3,2,0,35.86506081,48.00408012,0
57.37473587,0,4,1,31932.01965,11.95045365,2,3,0,30.07728773,12.59432628,0
30.12897585,1,0,1,34204.34527,3.646129713,1,3,1,34.75807516,49.27376409,1
48.70159021,1,5,2,38052.42087,4.915288073,1,4,0,31.46513299,28.18521379,0
37.32269131,1,5,3,65562.44885,11.21510223,3,3,0,5.262496374,49.76121564,0
48.46154878,1,4,4,74596.66273,0.899310492,3,2,1,16.85171094,90.73346304,1
51.34397047,0,5,1,34365.00916,14.13824273,2,1,0,16.58670105,63.10736844,1
54.94753382,0,2,2,44623.72076,3.958881342,1,3,1,30.34513763,20.05613602,0
35.97691088,0,1,1,27856.56546,6.069945265,1,1,0,37.71461015,92.26595342,1
20.43390203,1,5,1,21039.5227,8.752279473,4,3,1,32.63241875,47.34813893,0
30.19296422,1,4,3,51352.6061,9.018391817,2,2,0,20.37221348,46.04110094,0
56.63396568,1,4,3,51354.33478,6.354385868,2,2,1,48.29644313,22.27006388,1
55.97588401,1,5,1,24761.41853,10.95965987,1,1,0,1.806154235,15.50008713,1
49.12873183,1,0,1,24176.36186,5.648074652,3,3,0,19.11449777,87.56320684,0
49.87238091,1,1,1,22318.04616,7.260304817,3,1,0,47.35675004,59.31135731,0
51.18624491,1,4,4,90185.01702,13.16779751,2,3,0,17.42240763,75.62432378,0
32.3379086,1,2,5,92328.10273,11.10072741,1,2,0,2.51210011,77.02390214,0
57.76378268,0,4,1,21574.19627,8.328297718,2,3,0,29.39497519,54.25676544,0
42.95654025,0,0,1,30552.01411,13.79518353,4,3,1,28.5980039,40.42367336,0
42.59107364,0,4,4,73190.15109,4.377155163,4,1,1,18.57672401,50.19917656,0
47.18130911,0,2,5,103303.0621,12.20120652,3,3,1,43.9356526,85.74633353,0
24.24163232,1,3,2,45150.25582,3.948941326,3,1,1,39.83418734,58.37409933,0
33.3014192,0,5,1,35892.11124,10.24511504,1,2,0,6.77320956,90.93321545,1
53.2368475,0,1,1,27360.08131,8.761214892,3,1,1,44.12906018,90.65211096,0
28.34001423,1,5,2,40519.09575,2.822034839,3,3,0,38.49347462,89.58683512,0
50.70315041,1,5,2,38265.03039,11.8686405,2,4,0,47.30879531,68.66514719,0
37.10396395,0,5,1,26366.13869,7.885824153,4,3,0,8.034137285,83.84012014,0
42.37507831,1,0,2,43472.38216,3.771950004,1,3,0,24.53228529,93.4005905,0
38.95252788,1,3,1,35479.16504,13.26399325,2,3,0,19.57891088,18.15009077,0
41.76185313,1,2,3,67660.18002,0.944128231,3,1,1,14.25139325,37.69446864,1
51.64217386,1,2,2,43061.48595,14.07608554,3,4,1,5.215388561,55.78225799,0
39.95273641,1,4,1,24924.62967,8.876893961,3,1,0,39.69175259,91.45077688,0
47.97875558,1,0,2,39089.44778,6.607036514,1,4,0,41.39522104,70.61832339,0
44.24308905,1,4,2,42191.8274,14.05828984,4,3,0,34.89354267,23.88307682,0
51.06777,1,5,5,110762.4209,5.587254191,3,3,0,15.7250126,54.98157883,0
57.63970896,0,5,2,35209.2844,6.985185859,2,3,0,44.23687345,55.89494738,0
53.4447186,1,1,1,30746.40516,10.70465952,4,2,0,7.240624853,71.69283828,1
34.65474781,1,2,3,66096.34248,2.428938531,3,3,1,16.0600228,59.29623752,0
22.76395932,1,5,1,26715.19796,14.19671077,1,1,0,7.246237746,97.09193026,1
37.00039212,0,5,5,91103.47768,14.02282616,3,3,0,27.13263341,84.21922104,0
48.76072018,1,1,2,45858.05709,3.272761552,1,3,1,14.35048221,86.78678664,1
23.71771546,1,5,2,48120.83556,3.817329082,1,4,1,15.00200283,53.15013303,0
45.16208118,0,2,1,21278.0246,5.117305923,2,3,0,44.39331084,37.50500943,0
49.40227579,0,0,2,44660.11116,0.043127575,4,1,1,32.2732995,8.121867238,1
41.41570527,1,4,4,69845.75471,3.056986743,1,2,1,33.94333342,64.44718348,0
54.22507624,0,5,4,84199.53549,10.2746279,3,3,0,45.13583498,67.14984201,0
29.48844872,1,2,1,30021.16346,11.15810289,1,2,1,22.18224095,43.37171958,1
26.97475966,1,1,1,27742.07634,9.062318824,3,2,0,46.22217939,95.80919099,0
52.99809418,1,4,4,88458.65906,11.64280503,3,4,1,36.16815277,67.73215453,0
45.38720005,1,0,5,96983.34326,3.792781251,3,3,0,5.558515458,63.1203381,1
52.79533019,0,5,1,23064.73933,5.973514202,2,3,0,32.38295781,37.71348246,0
44.46414361,1,4,2,50249.11282,12.02015372,3,2,0,47.6204684,44.08991786,0
36.88310518,1,2,2,37415.16879,3.756054053,4,3,1,4.331645505,84.24964613,0
55.01422319,0,3,4,71988.42278,12.52054221,3,2,0,38.46371634,60.10067734,0
54.11023901,0,5,1,35135.53094,12.32730222,2,3,0,27.83053996,39.27879262,0
50.91987813,1,1,1,31489.32256,0.129962697,4,1,0,23.67373334,84.88560076,0
37.86923782,0,4,3,67346.03546,10.01554861,1,4,0,20.63232464,81.85119213,0
48.6392156,1,5,1,32509.27349,5.954196295,3,2,0,6.520003327,87.7346554,0
41.47012137,0,5,2,42465.34148,6.794535582,4,2,0,46.57029579,17.14790687,0
28.85129187,0,3,2,48049.28817,12.01672359,1,3,1,24.01970183,56.93653102,0
57.95101502,0,5,2,44466.67616,6.055633941,2,3,1,38.56148337,76.92213778,0
31.33901972,1,5,2,38919.18019,9.731975349,2,1,0,22.77825051,96.03498652,1
57.69783397,1,5,2,48187.25565,13.07212946,3,3,1,39.13774827,46.0473849,0
44.30290866,1,3,1,28473.12027,11.96648851,3,2,0,10.24968478,78.90072857,0
